[23:34:31] === 开始盯防26个已知操盘方钱包的卖出动作 ===
[23:35:07] *** 操盘方钱包卖出信号#1 *** 74yRx7Gwr1... 卖出$44.07 (tx=3dSyrkBXQ3fG...)
[23:35:40] *** 操盘方钱包卖出信号#2 *** 9SBM5wqYVP... 卖出$66.04 (tx=325NB1Ny4Bgg...)
[23:35:40] *** 操盘方钱包卖出信号#3 *** EQ2AvnerhS... 卖出$58.89 (tx=jtaLH9gMRDBq...)
[23:35:40] *** 操盘方钱包卖出信号#4 *** 8MqpdHkKdU... 卖出$44.57 (tx=2SQmw5FwRCfA...)
[23:36:15] *** 操盘方钱包卖出信号#5 *** Dso6QSwKYr... 卖出$47.74 (tx=4KVZPfbMjaHe...)
[23:36:15] *** 操盘方钱包卖出信号#6 *** 5uwh37EhTu... 卖出$46.50 (tx=5J3fhyjEbRRM...)
[23:36:50] *** 操盘方钱包卖出信号#7 *** 8PYS8YU5XU... 卖出$52.83 (tx=4yeVBEWYJn7o...)
[23:38:03] *** 操盘方钱包卖出信号#8 *** AHprDYwvJR... 卖出$59.75 (tx=4hHGR5zcuxxB...)
[23:38:03] *** 操盘方钱包卖出信号#9 *** 6wTd5VpwiM... 卖出$49.44 (tx=3hmDELNCHvXd...)
[23:38:03] *** 操盘方钱包卖出信号#10 *** 74yRx7Gwr1... 卖出$56.11 (tx=ioHXKtrkHb8w...)
[23:38:43] *** 操盘方钱包卖出信号#11 *** 9SBM5wqYVP... 卖出$63.33 (tx=5jHmaj28DJLR...)
[23:38:43] *** 操盘方钱包卖出信号#12 *** EQ2AvnerhS... 卖出$62.08 (tx=4seVejhwkYTT...)
[23:38:43] *** 操盘方钱包卖出信号#13 *** 8MqpdHkKdU... 卖出$51.24 (tx=3WShmT9PjCFB...)
[23:38:43] *** 操盘方钱包卖出信号#14 *** Dso6QSwKYr... 卖出$54.22 (tx=5ouqUqN9qJqj...)
[23:39:14] *** 操盘方钱包卖出信号#15 *** 5uwh37EhTu... 卖出$53.50 (tx=57eSAJZq43nL...)
[23:39:50] *** 操盘方钱包卖出信号#16 *** 8PYS8YU5XU... 卖出$43.64 (tx=3gA7NgY2zpbB...)
[23:40:30] *** 操盘方钱包卖出信号#17 *** 2uzvnzu7Uk... 卖出$63.66 (tx=4Gu4531PXkDp...)
[23:40:30] *** 操盘方钱包卖出信号#18 *** AHprDYwvJR... 卖出$55.61 (tx=3GYCUQFPL4Ut...)
[23:40:30] *** 操盘方钱包卖出信号#19 *** 6wTd5VpwiM... 卖出$62.57 (tx=2qynMr5ddj4M...)
[23:41:01] *** 操盘方钱包卖出信号#20 *** 74yRx7Gwr1... 卖出$48.03 (tx=5tYRm8iojoc4...)
[23:41:01] *** 操盘方钱包卖出信号#21 *** 9SBM5wqYVP... 卖出$45.73 (tx=5b2gyjyHUSwK...)
[23:41:37] *** 操盘方钱包卖出信号#22 *** EQ2AvnerhS... 卖出$57.27 (tx=29s5TNvu7jyz...)
[23:41:37] *** 操盘方钱包卖出信号#23 *** 8MqpdHkKdU... 卖出$45.33 (tx=2RFZncJjsSMo...)
[23:41:37] *** 操盘方钱包卖出信号#24 *** Dso6QSwKYr... 卖出$52.16 (tx=2gZEfTpBF62x...)
[23:42:14] *** 操盘方钱包卖出信号#25 *** 5uwh37EhTu... 卖出$48.73 (tx=4HHY6X56WkwK...)
[23:42:14] *** 操盘方钱包卖出信号#26 *** 8PYS8YU5XU... 卖出$44.34 (tx=3vzUf7wmTT9N...)
[23:42:51] *** 操盘方钱包卖出信号#27 *** 2uzvnzu7Uk... 卖出$47.58 (tx=5sNGTK98ikca...)
[23:44:01] *** 操盘方钱包卖出信号#28 *** 74yRx7Gwr1... 卖出$65.65 (tx=43zFPk2imRx4...)
[23:44:01] *** 操盘方钱包卖出信号#29 *** 9SBM5wqYVP... 卖出$57.46 (tx=48q91WDJFRcW...)
[23:44:01] *** 操盘方钱包卖出信号#30 *** EQ2AvnerhS... 卖出$47.21 (tx=2Mjrkw5Uvd4f...)
[23:44:37] *** 操盘方钱包卖出信号#31 *** 8MqpdHkKdU... 卖出$44.35 (tx=5EmLmRtzshqT...)
[23:44:37] *** 操盘方钱包卖出信号#32 *** Dso6QSwKYr... 卖出$47.10 (tx=3vBW4Yu4Qy1H...)
[23:44:37] *** 操盘方钱包卖出信号#33 *** 5uwh37EhTu... 卖出$57.11 (tx=21YVGpMghAPc...)
[23:45:15] *** 操盘方钱包卖出信号#34 *** 8PYS8YU5XU... 卖出$63.00 (tx=2zW5UJGtDSz8...)
[23:45:54] *** 操盘方钱包卖出信号#35 *** 2uzvnzu7Uk... 卖出$42.71 (tx=XU9FaCJrpTyK...)
[23:45:54] *** 操盘方钱包卖出信号#36 *** AHprDYwvJR... 卖出$51.80 (tx=59bgKNnEJSrb...)
[23:45:54] *** 操盘方钱包卖出信号#37 *** 6wTd5VpwiM... 卖出$43.38 (tx=4BhY5HqkbjMZ...)
[23:47:02] *** 操盘方钱包卖出信号#38 *** 74yRx7Gwr1... 卖出$61.00 (tx=3x9wKob7FNjd...)
[23:47:02] *** 操盘方钱包卖出信号#39 *** 9SBM5wqYVP... 卖出$42.33 (tx=5oXdqFrACbkK...)
[23:47:02] *** 操盘方钱包卖出信号#40 *** EQ2AvnerhS... 卖出$61.38 (tx=dbaWL5m7RyQd...)
[23:47:02] *** 操盘方钱包卖出信号#41 *** 8MqpdHkKdU... 卖出$63.54 (tx=26hEVwA5V1WF...)
[23:47:02] *** 操盘方钱包卖出信号#42 *** Dso6QSwKYr... 卖出$60.55 (tx=oVdNPnxLSFiv...)
[23:47:38] *** 操盘方钱包卖出信号#43 *** 5uwh37EhTu... 卖出$45.57 (tx=4jVxHpm7578M...)
[23:48:14] *** 操盘方钱包卖出信号#44 *** 8PYS8YU5XU... 卖出$44.91 (tx=28DVWYGHkqw7...)
[23:48:52] *** 操盘方钱包卖出信号#45 *** 2uzvnzu7Uk... 卖出$56.83 (tx=pkoMU18Lcbq5...)
[23:48:52] *** 操盘方钱包卖出信号#46 *** 6wTd5VpwiM... 卖出$49.20 (tx=3zn7THmDWFAj...)
[23:49:25] *** 操盘方钱包卖出信号#47 *** AHprDYwvJR... 卖出$59.56 (tx=3nqeioWYZvPf...)
[23:49:25] *** 操盘方钱包卖出信号#48 *** 74yRx7Gwr1... 卖出$59.63 (tx=5UpDi7Ed6VTU...)
[23:49:25] *** 操盘方钱包卖出信号#49 *** 9SBM5wqYVP... 卖出$64.33 (tx=8PnydKDzf3Pf...)
[23:50:02] *** 操盘方钱包卖出信号#50 *** EQ2AvnerhS... 卖出$44.05 (tx=5g8xxsMV6pCv...)
[23:50:02] *** 操盘方钱包卖出信号#51 *** 8MqpdHkKdU... 卖出$62.62 (tx=4rjNMS7VNN7i...)
[23:50:02] *** 操盘方钱包卖出信号#52 *** Dso6QSwKYr... 卖出$47.19 (tx=4kozBL1ENnNC...)
[23:50:38] *** 操盘方钱包卖出信号#53 *** 5uwh37EhTu... 卖出$47.08 (tx=5UKdGdueKLRH...)
[23:51:15] *** 操盘方钱包卖出信号#54 *** 8PYS8YU5XU... 卖出$56.80 (tx=2oWWNQQVLEDQ...)
[23:51:55] *** 操盘方钱包卖出信号#55 *** AHprDYwvJR... 卖出$60.12 (tx=2WR9dDcA42vc...)
[23:51:55] *** 操盘方钱包卖出信号#56 *** 6wTd5VpwiM... 卖出$50.25 (tx=2sueeqiDZgMb...)
[23:52:25] *** 操盘方钱包卖出信号#57 *** 74yRx7Gwr1... 卖出$43.93 (tx=4KwLoVuPVP5N...)
[23:52:25] *** 操盘方钱包卖出信号#58 *** 9SBM5wqYVP... 卖出$41.82 (tx=5wRP52EdPSXe...)
[23:53:02] *** 操盘方钱包卖出信号#59 *** 8MqpdHkKdU... 卖出$57.46 (tx=3J7XRVoo9A9n...)
[23:53:02] *** 操盘方钱包卖出信号#60 *** Dso6QSwKYr... 卖出$59.97 (tx=4vWFtXRwsRvS...)
[23:53:02] *** 操盘方钱包卖出信号#61 *** 5uwh37EhTu... 卖出$0.80 (tx=2rT9V8zZHUqn...)
[23:53:02] *** 操盘方钱包卖出信号#62 *** 8PYS8YU5XU... 卖出$0.03 (tx=4UJVMCx3S9kA...)
[23:54:19] *** 操盘方钱包卖出信号#63 *** 2uzvnzu7Uk... 卖出$0.33 (tx=21MQkebWnmXr...)
[23:54:19] *** 操盘方钱包卖出信号#64 *** AHprDYwvJR... 卖出$1.46 (tx=2nUfHBGuZWm9...)
[23:54:19] *** 操盘方钱包卖出信号#65 *** Dso6QSwKYr... 卖出$0.37 (tx=3N8Ufswv4Maf...)
[23:54:19] *** 操盘方钱包卖出信号#66 *** 5uwh37EhTu... 卖出$0.42 (tx=2DbDuKuLaCed...)
[23:54:19] *** 操盘方钱包卖出信号#67 *** EQ2AvnerhS... 卖出$1.04 (tx=4yxwSQxWLDaU...)
[23:54:19] *** 操盘方钱包卖出信号#68 *** 9SBM5wqYVP... 卖出$46.01 (tx=66Qr699RdegY...)
[23:54:19] *** 操盘方钱包卖出信号#69 *** 8MqpdHkKdU... 卖出$61.87 (tx=3MFaofsx1YPx...)
[23:54:19] *** 操盘方钱包卖出信号#70 *** 6wTd5VpwiM... 卖出$48.80 (tx=5UbuoBwUVxwk...)
[23:54:19] *** 操盘方钱包卖出信号#71 *** 74yRx7Gwr1... 卖出$0.79 (tx=4Jb7dEMkAYoQ...)
[23:54:19] *** 操盘方钱包卖出信号#72 *** 8PYS8YU5XU... 卖出$0.25 (tx=3zY49CCZNmaV...)
[23:54:19] *** 操盘方钱包卖出信号#73 *** 6wTd5VpwiM... 卖出$40.59 (tx=4gGi5vbTiggK...)
[23:54:19] *** 操盘方钱包卖出信号#74 *** AHprDYwvJR... 卖出$0.43 (tx=4u8zb8fZEx7o...)
[23:54:19] *** 操盘方钱包卖出信号#75 *** 2uzvnzu7Uk... 卖出$0.99 (tx=5sAc2vverrgP...)
[23:54:19] *** 操盘方钱包卖出信号#76 *** 74yRx7Gwr1... 卖出$0.03 (tx=uYJM5iPB6b4q...)
[23:54:19] *** 操盘方钱包卖出信号#77 *** 9SBM5wqYVP... 卖出$1.32 (tx=4Yva5BQoc9mf...)
[23:54:19] *** 操盘方钱包卖出信号#78 *** 8MqpdHkKdU... 卖出$62.22 (tx=4re6Qy8xn24P...)
[23:54:19] *** 操盘方钱包卖出信号#79 *** Dso6QSwKYr... 卖出$1.33 (tx=5qNuvrQoYYAt...)
[23:54:19] *** 操盘方钱包卖出信号#80 *** EQ2AvnerhS... 卖出$0.37 (tx=228WTa3bHKVt...)
[23:54:19] *** 操盘方钱包卖出信号#81 *** 5uwh37EhTu... 卖出$45.14 (tx=2aNJUhXaNFBH...)
[23:54:19] *** 操盘方钱包卖出信号#82 *** 8PYS8YU5XU... 卖出$1.39 (tx=3G9awaJXQbAY...)
[23:54:19] *** 操盘方钱包卖出信号#83 *** 2uzvnzu7Uk... 卖出$42.16 (tx=2njJ2EeKHQb6...)
[23:54:19] *** 操盘方钱包卖出信号#84 *** 6wTd5VpwiM... 卖出$0.21 (tx=22EdDyPU4ogL...)
[23:54:19] *** 操盘方钱包卖出信号#85 *** AHprDYwvJR... 卖出$0.47 (tx=5RnMGGaKHkrK...)
[23:54:19] *** 操盘方钱包卖出信号#86 *** 9SBM5wqYVP... 卖出$0.25 (tx=xLEh67ri3vJJ...)
[23:54:19] *** 操盘方钱包卖出信号#87 *** 74yRx7Gwr1... 卖出$0.56 (tx=3SfpHf6WdfVP...)
[23:54:19] *** 操盘方钱包卖出信号#88 *** EQ2AvnerhS... 卖出$1.02 (tx=4YKp4LxWxs6F...)
[23:54:19] *** 操盘方钱包卖出信号#89 *** 8MqpdHkKdU... 卖出$1.39 (tx=WKYSqDdxMJjf...)
[23:54:19] *** 操盘方钱包卖出信号#90 *** 5uwh37EhTu... 卖出$0.12 (tx=2hvPiZb9bshP...)
[23:54:19] *** 操盘方钱包卖出信号#91 *** Dso6QSwKYr... 卖出$54.54 (tx=2GAZ9trHC8gG...)
[23:54:19] *** 操盘方钱包卖出信号#92 *** 8PYS8YU5XU... 卖出$0.98 (tx=4LLcRJEPjBxf...)
[23:54:19] *** 操盘方钱包卖出信号#93 *** AHprDYwvJR... 卖出$1.36 (tx=2fH5APSskpUA...)
[23:54:19] *** 操盘方钱包卖出信号#94 *** 6wTd5VpwiM... 卖出$0.93 (tx=5NKBqfiaPFUd...)
[23:54:19] *** 操盘方钱包卖出信号#95 *** 2uzvnzu7Uk... 卖出$41.41 (tx=4TybLMQTCnKB...)
[23:54:19] *** 操盘方钱包卖出信号#96 *** 74yRx7Gwr1... 卖出$1.41 (tx=2nFpP1NPRqys...)
[23:54:19] *** 操盘方钱包卖出信号#97 *** 9SBM5wqYVP... 卖出$1.10 (tx=vYJhiyG4e6Go...)
[23:54:19] *** 操盘方钱包卖出信号#98 *** 8MqpdHkKdU... 卖出$0.75 (tx=5zumC8NpZj2U...)
[23:54:19] *** 操盘方钱包卖出信号#99 *** EQ2AvnerhS... 卖出$1.42 (tx=2mf8EMT4cwJr...)
[23:54:49] *** 操盘方钱包卖出信号#100 *** 8PYS8YU5XU... 卖出$0.43 (tx=3hSU1vWP1mRb...)
[23:54:49] *** 操盘方钱包卖出信号#101 *** AHprDYwvJR... 卖出$1.38 (tx=2hHJ3Fae4F9w...)
[23:54:49] *** 操盘方钱包卖出信号#102 *** 2uzvnzu7Uk... 卖出$41.11 (tx=4yRAKDS4R8eW...)
[23:54:49] *** 操盘方钱包卖出信号#103 *** 6wTd5VpwiM... 卖出$0.59 (tx=3s7T1BNKghVw...)
[23:54:49] *** 操盘方钱包卖出信号#104 *** 9SBM5wqYVP... 卖出$1.20 (tx=4xpSAGHMoU5c...)
[23:54:49] *** 操盘方钱包卖出信号#105 *** 74yRx7Gwr1... 卖出$52.95 (tx=35rPdymHskjz...)
[23:54:49] *** 操盘方钱包卖出信号#106 *** EQ2AvnerhS... 卖出$0.92 (tx=5WFRYGxSdtaU...)
[23:54:49] *** 操盘方钱包卖出信号#107 *** Dso6QSwKYr... 卖出$53.05 (tx=4ntNDiHD5SSC...)
[23:54:49] *** 操盘方钱包卖出信号#108 *** 8MqpdHkKdU... 卖出$0.85 (tx=3S1oEbg1YGC5...)
[23:54:49] *** 操盘方钱包卖出信号#109 *** 5uwh37EhTu... 卖出$1.15 (tx=2UV6rd7wo8Ug...)
[23:54:49] *** 操盘方钱包卖出信号#110 *** 8PYS8YU5XU... 卖出$0.57 (tx=sPPUVNmQstga...)
[23:54:49] *** 操盘方钱包卖出信号#111 *** AHprDYwvJR... 卖出$53.95 (tx=5u2y7AzQRa7K...)
[23:54:49] *** 操盘方钱包卖出信号#112 *** 2uzvnzu7Uk... 卖出$0.63 (tx=23eGmpNaSwWH...)
[23:54:49] *** 操盘方钱包卖出信号#113 *** 6wTd5VpwiM... 卖出$0.40 (tx=3pe5681R5MYy...)
[23:54:49] *** 操盘方钱包卖出信号#114 *** 74yRx7Gwr1... 卖出$45.14 (tx=4Gpv6exd3URx...)
[23:54:49] *** 操盘方钱包卖出信号#115 *** 5uwh37EhTu... 卖出$1.16 (tx=e9Thy4SimsSV...)
[23:54:49] *** 操盘方钱包卖出信号#116 *** AHprDYwvJR... 卖出$67.53 (tx=26mbuTtjTqpW...)
[23:54:49] *** 操盘方钱包卖出信号#117 *** 2uzvnzu7Uk... 卖出$0.63 (tx=L7Mq8xynSwPv...)
[23:54:49] *** 操盘方钱包卖出信号#118 *** 6wTd5VpwiM... 卖出$0.49 (tx=45K9wxxrtn3m...)
[23:54:49] *** 操盘方钱包卖出信号#119 *** 74yRx7Gwr1... 卖出$0.78 (tx=4abuiAPJA1nk...)
[23:54:49] *** 操盘方钱包卖出信号#120 *** 9SBM5wqYVP... 卖出$1.25 (tx=3wm43diDV5ca...)
[23:54:49] *** 操盘方钱包卖出信号#121 *** 8PYS8YU5XU... 卖出$1.14 (tx=2NGDDTwnZKoF...)
[23:54:49] *** 操盘方钱包卖出信号#122 *** EQ2AvnerhS... 卖出$51.37 (tx=5sYrSbFKAVWc...)
[23:54:49] *** 操盘方钱包卖出信号#123 *** Dso6QSwKYr... 卖出$1.12 (tx=7BLRaeuXCmSQ...)
[23:54:49] *** 操盘方钱包卖出信号#124 *** 8MqpdHkKdU... 卖出$0.13 (tx=4x6N1wnsFZp2...)
[23:54:49] *** 操盘方钱包卖出信号#125 *** 5uwh37EhTu... 卖出$0.45 (tx=4a8dtgp5dd9D...)
[23:54:49] *** 操盘方钱包卖出信号#126 *** 8PYS8YU5XU... 卖出$41.98 (tx=3gei45skjpaQ...)
[23:54:49] *** 操盘方钱包卖出信号#127 *** 9SBM5wqYVP... 卖出$43.99 (tx=3i18odmjwQYw...)
[23:54:49] *** 操盘方钱包卖出信号#128 *** 74yRx7Gwr1... 卖出$1.44 (tx=3969ysik4quN...)
[23:54:49] *** 操盘方钱包卖出信号#129 *** 8MqpdHkKdU... 卖出$43.20 (tx=85orztFhnL26...)
[23:54:49] *** 操盘方钱包卖出信号#130 *** EQ2AvnerhS... 卖出$0.96 (tx=4Uv31v2bZ9dX...)
[23:54:49] *** 操盘方钱包卖出信号#131 *** 5uwh37EhTu... 卖出$65.83 (tx=2K8w59omJDau...)
[23:54:49] *** 操盘方钱包卖出信号#132 *** Dso6QSwKYr... 卖出$1.14 (tx=4mxrWp6RtRKx...)
[23:56:03] *** 操盘方钱包卖出信号#133 *** 74yRx7Gwr1... 卖出$57.72 (tx=3w3Uvy3L7nGs...)
[23:56:03] *** 操盘方钱包卖出信号#134 *** 9SBM5wqYVP... 卖出$1.37 (tx=3SDe3JAb1MoR...)
[23:56:03] *** 操盘方钱包卖出信号#135 *** EQ2AvnerhS... 卖出$56.67 (tx=3pUKuDRHBhYT...)
[23:56:03] *** 操盘方钱包卖出信号#136 *** 8MqpdHkKdU... 卖出$1.37 (tx=2iLP17P87aBJ...)
[23:56:03] *** 操盘方钱包卖出信号#137 *** Dso6QSwKYr... 卖出$1.21 (tx=KqrwjWpe8e1H...)
[23:56:03] *** 操盘方钱包卖出信号#138 *** 5uwh37EhTu... 卖出$0.29 (tx=2xqpHM2Yoewr...)
[23:56:03] *** 操盘方钱包卖出信号#139 *** 8PYS8YU5XU... 卖出$0.92 (tx=4yhtC2EC3DGK...)
[23:56:03] *** 操盘方钱包卖出信号#140 *** AHprDYwvJR... 卖出$0.24 (tx=5c5B8VA8uoNZ...)
[23:56:03] *** 操盘方钱包卖出信号#141 *** 2uzvnzu7Uk... 卖出$0.69 (tx=5WBQQyPRfcPf...)
[23:56:03] *** 操盘方钱包卖出信号#142 *** 6wTd5VpwiM... 卖出$66.51 (tx=5ZJwBG3fHQnX...)
[23:56:03] *** 操盘方钱包卖出信号#143 *** 9SBM5wqYVP... 卖出$1.23 (tx=rMgQNevUaKg7...)
[23:56:03] *** 操盘方钱包卖出信号#144 *** 74yRx7Gwr1... 卖出$1.43 (tx=4iQsr2FChTmk...)
[23:56:03] *** 操盘方钱包卖出信号#145 *** 8MqpdHkKdU... 卖出$66.40 (tx=Vts9PQz5gGRS...)
[23:56:03] *** 操盘方钱包卖出信号#146 *** EQ2AvnerhS... 卖出$1.05 (tx=2ZeuoYxa4Mxo...)
[23:56:03] *** 操盘方钱包卖出信号#147 *** 5uwh37EhTu... 卖出$56.16 (tx=5aKKHzJLgQ7x...)
[23:56:03] *** 操盘方钱包卖出信号#148 *** Dso6QSwKYr... 卖出$1.43 (tx=7nezHvPPy98d...)
[23:56:03] *** 操盘方钱包卖出信号#149 *** 8PYS8YU5XU... 卖出$0.36 (tx=5BpUe5kFzEdi...)
[23:56:03] *** 操盘方钱包卖出信号#150 *** AHprDYwvJR... 卖出$1.11 (tx=3GHwyEGaGavM...)
[23:56:03] *** 操盘方钱包卖出信号#151 *** 6wTd5VpwiM... 卖出$0.34 (tx=5LKyPRmMzvMe...)
[23:56:03] *** 操盘方钱包卖出信号#152 *** 2uzvnzu7Uk... 卖出$67.50 (tx=3Admidok1Lxj...)
[23:56:03] *** 操盘方钱包卖出信号#153 *** 74yRx7Gwr1... 卖出$0.83 (tx=4GNQxyx1VoK2...)
[23:56:03] *** 操盘方钱包卖出信号#154 *** 9SBM5wqYVP... 卖出$1.35 (tx=5gwxtMKzo4p5...)
[23:56:03] *** 操盘方钱包卖出信号#155 *** EQ2AvnerhS... 卖出$0.13 (tx=29mmb8h22nSp...)
[23:56:03] *** 操盘方钱包卖出信号#156 *** 8MqpdHkKdU... 卖出$0.49 (tx=21DF4VCKzdEh...)
[23:56:03] *** 操盘方钱包卖出信号#157 *** Dso6QSwKYr... 卖出$64.01 (tx=2tfHNFJpN3NX...)
[23:56:03] *** 操盘方钱包卖出信号#158 *** 5uwh37EhTu... 卖出$0.04 (tx=bNi3ZMAZu78V...)
[23:56:03] *** 操盘方钱包卖出信号#159 *** 8PYS8YU5XU... 卖出$1.12 (tx=3HuXvxTXXD8E...)
[23:56:03] *** 操盘方钱包卖出信号#160 *** 2uzvnzu7Uk... 卖出$0.01 (tx=35YdYrvKgBkR...)
[23:56:03] *** 操盘方钱包卖出信号#161 *** 6wTd5VpwiM... 卖出$0.66 (tx=nDa6Zy6GTTY2...)
[23:56:03] *** 操盘方钱包卖出信号#162 *** AHprDYwvJR... 卖出$1.05 (tx=3ysKz1qiDJ3B...)
[23:56:03] *** 操盘方钱包卖出信号#163 *** AHprDYwvJR... 卖出$56.76 (tx=4PxTxCnBzqyk...)
[23:56:03] *** 操盘方钱包卖出信号#164 *** 9SBM5wqYVP... 卖出$1.07 (tx=5sHPJoz96L77...)
[23:56:03] *** 操盘方钱包卖出信号#165 *** EQ2AvnerhS... 卖出$64.89 (tx=vzZfJ86eMqEj...)
[23:56:03] *** 操盘方钱包卖出信号#166 *** 8MqpdHkKdU... 卖出$0.10 (tx=5Z115FZGeiKc...)
[23:56:03] *** 操盘方钱包卖出信号#167 *** Dso6QSwKYr... 卖出$0.13 (tx=3dvu4cW3VR1x...)
[23:56:03] *** 操盘方钱包卖出信号#168 *** 5uwh37EhTu... 卖出$0.66 (tx=2xqpfrH8Way2...)
[23:56:42] *** 操盘方钱包卖出信号#169 *** 8PYS8YU5XU... 卖出$0.15 (tx=5bBMPxam9bZR...)
[23:56:42] *** 操盘方钱包卖出信号#170 *** 6wTd5VpwiM... 卖出$51.16 (tx=4QuUYfgHMPB9...)
[23:56:42] *** 操盘方钱包卖出信号#171 *** AHprDYwvJR... 卖出$1.07 (tx=5Ensoy2PprCw...)
[23:56:42] *** 操盘方钱包卖出信号#172 *** 2uzvnzu7Uk... 卖出$0.27 (tx=4G9GxVpWvGEo...)
[23:56:42] *** 操盘方钱包卖出信号#173 *** 74yRx7Gwr1... 卖出$1.02 (tx=2G37Uci4tpaQ...)
[23:56:42] *** 操盘方钱包卖出信号#174 *** 9SBM5wqYVP... 卖出$55.17 (tx=JMsoUpn2Mof2...)
[23:56:42] *** 操盘方钱包卖出信号#175 *** EQ2AvnerhS... 卖出$0.43 (tx=krjYbS7pZzs7...)
[23:56:42] *** 操盘方钱包卖出信号#176 *** 8MqpdHkKdU... 卖出$40.03 (tx=4tEuz6Dh1xg6...)
[23:56:42] *** 操盘方钱包卖出信号#177 *** Dso6QSwKYr... 卖出$0.21 (tx=3DriSQQEqpp4...)
[23:56:42] *** 操盘方钱包卖出信号#178 *** 5uwh37EhTu... 卖出$0.76 (tx=2UZFfTNEJdcN...)
[23:56:42] *** 操盘方钱包卖出信号#179 *** 8PYS8YU5XU... 卖出$0.52 (tx=62yzjwhcCTey...)
[23:56:42] *** 操盘方钱包卖出信号#180 *** 6wTd5VpwiM... 卖出$53.86 (tx=5eFHCcZo83QF...)
[23:56:42] *** 操盘方钱包卖出信号#181 *** 2uzvnzu7Uk... 卖出$1.44 (tx=3PZxXZeRcvd9...)
[23:56:42] *** 操盘方钱包卖出信号#182 *** AHprDYwvJR... 卖出$0.78 (tx=3sthQ9AGQcSy...)
[23:56:42] *** 操盘方钱包卖出信号#183 *** 74yRx7Gwr1... 卖出$0.85 (tx=4pone2CJSJuj...)
[23:56:42] *** 操盘方钱包卖出信号#184 *** 9SBM5wqYVP... 卖出$1.48 (tx=2MHEHVghGt5X...)
[23:56:42] *** 操盘方钱包卖出信号#185 *** 8MqpdHkKdU... 卖出$1.42 (tx=4cdjKMbdvx37...)
[23:56:42] *** 操盘方钱包卖出信号#186 *** EQ2AvnerhS... 卖出$1.25 (tx=3c1LAbxDx2PH...)
[23:56:42] *** 操盘方钱包卖出信号#187 *** Dso6QSwKYr... 卖出$1.11 (tx=2EHkVz1WQ71p...)
[23:56:42] *** 操盘方钱包卖出信号#188 *** 5uwh37EhTu... 卖出$53.87 (tx=3jF5fop7W6mW...)
[23:56:42] *** 操盘方钱包卖出信号#189 *** 8PYS8YU5XU... 卖出$0.60 (tx=54k6QjtrMJwh...)
[23:56:42] *** 操盘方钱包卖出信号#190 *** AHprDYwvJR... 卖出$1.25 (tx=2PWSm94TpLe2...)
[23:56:42] *** 操盘方钱包卖出信号#191 *** 6wTd5VpwiM... 卖出$0.04 (tx=5gXKiYtNHUmk...)
[23:56:42] *** 操盘方钱包卖出信号#192 *** 2uzvnzu7Uk... 卖出$42.22 (tx=5i3sHVUtqyx1...)
[23:56:42] *** 操盘方钱包卖出信号#193 *** 74yRx7Gwr1... 卖出$0.21 (tx=2KuGQ3i1vTZ6...)
[23:56:42] *** 操盘方钱包卖出信号#194 *** 9SBM5wqYVP... 卖出$0.10 (tx=3YEmUPopa6fc...)
[23:56:42] *** 操盘方钱包卖出信号#195 *** 8MqpdHkKdU... 卖出$0.12 (tx=45EkLtuhipxc...)
[23:56:42] *** 操盘方钱包卖出信号#196 *** EQ2AvnerhS... 卖出$0.56 (tx=5HNeBRr185PL...)
[23:56:42] *** 操盘方钱包卖出信号#197 *** 5uwh37EhTu... 卖出$66.79 (tx=39q48Zi4Spdr...)
[23:56:42] *** 操盘方钱包卖出信号#198 *** 8PYS8YU5XU... 卖出$1.37 (tx=h8vqGZW6DGAe...)
[23:56:42] *** 操盘方钱包卖出信号#199 *** 2uzvnzu7Uk... 卖出$0.93 (tx=AKqLSkFUQJQi...)
[23:56:42] *** 操盘方钱包卖出信号#200 *** 6wTd5VpwiM... 卖出$0.43 (tx=5cFJu1YfF6Bn...)
[23:56:42] *** 操盘方钱包卖出信号#201 *** AHprDYwvJR... 卖出$46.82 (tx=58QRZrw8B5yc...)
[23:56:42] *** 操盘方钱包卖出信号#202 *** 74yRx7Gwr1... 卖出$41.15 (tx=2nxNeMoAFrb8...)
[23:56:42] *** 操盘方钱包卖出信号#203 *** EQ2AvnerhS... 卖出$0.55 (tx=21qj9Whu1HN3...)
[23:56:42] *** 操盘方钱包卖出信号#204 *** 8MqpdHkKdU... 卖出$1.34 (tx=3Bv4EAMj39Mi...)
[23:57:55] *** 操盘方钱包卖出信号#205 *** 2uzvnzu7Uk... 卖出$1.21 (tx=3MjWiSuxS75i...)
[23:57:55] *** 操盘方钱包卖出信号#206 *** 74yRx7Gwr1... 卖出$38.98 (tx=vNSh5vaGhbj4...)
[23:57:55] *** 操盘方钱包卖出信号#207 *** 9SBM5wqYVP... 卖出$0.54 (tx=MjASZ1LE7yeD...)
[23:57:55] *** 操盘方钱包卖出信号#208 *** 8MqpdHkKdU... 卖出$1.18 (tx=3B3QhCnjRAnR...)
[23:57:55] *** 操盘方钱包卖出信号#209 *** EQ2AvnerhS... 卖出$0.64 (tx=5NzeWgsN6CYe...)
[23:57:55] *** 操盘方钱包卖出信号#210 *** 5uwh37EhTu... 卖出$0.90 (tx=2M9PGBnEfG4U...)
[23:57:55] *** 操盘方钱包卖出信号#211 *** Dso6QSwKYr... 卖出$39.36 (tx=4HP3iLZoJXDi...)
[23:57:55] *** 操盘方钱包卖出信号#212 *** 8PYS8YU5XU... 卖出$0.72 (tx=4LsaeBcQfJ6q...)
[23:57:55] *** 操盘方钱包卖出信号#213 *** 2uzvnzu7Uk... 卖出$1.16 (tx=52J1CvEVXvqb...)
[23:57:55] *** 操盘方钱包卖出信号#214 *** AHprDYwvJR... 卖出$0.95 (tx=3Ncexf79GPkW...)
[23:57:55] *** 操盘方钱包卖出信号#215 *** 6wTd5VpwiM... 卖出$0.93 (tx=2NXn3eVkiHAa...)
[23:57:55] *** 操盘方钱包卖出信号#216 *** 74yRx7Gwr1... 卖出$51.91 (tx=4J3fMg8rYcbr...)
[23:57:55] *** 操盘方钱包卖出信号#217 *** 9SBM5wqYVP... 卖出$0.16 (tx=3pR5UqUngcaf...)
[23:57:55] *** 操盘方钱包卖出信号#218 *** EQ2AvnerhS... 卖出$39.73 (tx=2g3BYg9DtXTT...)
[23:57:55] *** 操盘方钱包卖出信号#219 *** Dso6QSwKYr... 卖出$0.50 (tx=5EbxPqrcC2eR...)
[23:57:55] *** 操盘方钱包卖出信号#220 *** 8MqpdHkKdU... 卖出$0.27 (tx=5jrLeryaioAE...)
[23:57:55] *** 操盘方钱包卖出信号#221 *** 5uwh37EhTu... 卖出$1.45 (tx=3ePTQ2XBM4Ev...)
[23:57:55] *** 操盘方钱包卖出信号#222 *** 8PYS8YU5XU... 卖出$57.25 (tx=4RwsMLMvL3Hk...)
[23:57:55] *** 操盘方钱包卖出信号#223 *** 6wTd5VpwiM... 卖出$0.40 (tx=kf1mGSG6pCUF...)
[23:57:55] *** 操盘方钱包卖出信号#224 *** 2uzvnzu7Uk... 卖出$0.55 (tx=5mPJFYGmm2Fs...)
[23:57:55] *** 操盘方钱包卖出信号#225 *** AHprDYwvJR... 卖出$53.36 (tx=3K7g22yjW4js...)
[23:57:55] *** 操盘方钱包卖出信号#226 *** 74yRx7Gwr1... 卖出$38.29 (tx=y8vrxM6V6Uq4...)
[23:57:55] *** 操盘方钱包卖出信号#227 *** 9SBM5wqYVP... 卖出$0.87 (tx=5KhriYaJBL7v...)
[23:57:55] *** 操盘方钱包卖出信号#228 *** EQ2AvnerhS... 卖出$66.50 (tx=3v5HthSzxDdk...)
[23:57:55] *** 操盘方钱包卖出信号#229 *** Dso6QSwKYr... 卖出$0.28 (tx=4To1ZAqYHitN...)
[23:57:55] *** 操盘方钱包卖出信号#230 *** 8MqpdHkKdU... 卖出$0.48 (tx=fjDHDd6RN6RF...)
[23:57:55] *** 操盘方钱包卖出信号#231 *** 5uwh37EhTu... 卖出$0.74 (tx=5d9qAhBr4VUY...)
[23:57:55] *** 操盘方钱包卖出信号#232 *** 8PYS8YU5XU... 卖出$0.29 (tx=YQVHgMxLHwSn...)
[23:57:55] *** 操盘方钱包卖出信号#233 *** AHprDYwvJR... 卖出$43.51 (tx=ZEcQhxpfFYcK...)
[23:57:55] *** 操盘方钱包卖出信号#234 *** 2uzvnzu7Uk... 卖出$0.22 (tx=DoJ7MQAV9ttF...)
[23:57:55] *** 操盘方钱包卖出信号#235 *** 6wTd5VpwiM... 卖出$0.40 (tx=mjyt8mjv2Enk...)
[23:57:55] *** 操盘方钱包卖出信号#236 *** Dso6QSwKYr... 卖出$0.16 (tx=4N8p2MWBoFTp...)
[23:57:55] *** 操盘方钱包卖出信号#237 *** 5uwh37EhTu... 卖出$0.10 (tx=1mudCZswBkhj...)
[23:57:55] *** 操盘方钱包卖出信号#238 *** AHprDYwvJR... 卖出$38.96 (tx=3UkybSoJpd9e...)
[23:58:26] *** 操盘方钱包卖出信号#239 *** 8PYS8YU5XU... 卖出$0.73 (tx=2n4bL9wDwKcZ...)
[23:58:26] *** 操盘方钱包卖出信号#240 *** 2uzvnzu7Uk... 卖出$1.48 (tx=RLHNFv68rD4f...)
[23:58:26] *** 操盘方钱包卖出信号#241 *** 6wTd5VpwiM... 卖出$0.86 (tx=511RjDnS5f4x...)
[23:58:26] *** 操盘方钱包卖出信号#242 *** 74yRx7Gwr1... 卖出$54.25 (tx=3AvofEwEaBBJ...)
[23:58:26] *** 操盘方钱包卖出信号#243 *** 9SBM5wqYVP... 卖出$0.63 (tx=3WT29dVZfFFJ...)
[23:58:26] *** 操盘方钱包卖出信号#244 *** EQ2AvnerhS... 卖出$57.32 (tx=3M2BfeELCPQg...)
[23:58:26] *** 操盘方钱包卖出信号#245 *** Dso6QSwKYr... 卖出$0.51 (tx=Y5V99zknhSoe...)
[23:58:26] *** 操盘方钱包卖出信号#246 *** 8MqpdHkKdU... 卖出$0.58 (tx=4VfrFPtEM1ik...)
[23:58:26] *** 操盘方钱包卖出信号#247 *** 5uwh37EhTu... 卖出$0.73 (tx=3XSTRHkqmJKL...)
[23:58:26] *** 操盘方钱包卖出信号#248 *** 8PYS8YU5XU... 卖出$1.33 (tx=4cQ5P2t9Db7B...)
[23:58:26] *** 操盘方钱包卖出信号#249 *** AHprDYwvJR... 卖出$57.98 (tx=eq94hVHL5KBA...)
[23:58:26] *** 操盘方钱包卖出信号#250 *** 6wTd5VpwiM... 卖出$1.14 (tx=5ZtWHzotGwWM...)
[23:58:26] *** 操盘方钱包卖出信号#251 *** 74yRx7Gwr1... 卖出$0.01 (tx=3rcxSzAx8nnX...)
[23:58:26] *** 操盘方钱包卖出信号#252 *** EQ2AvnerhS... 卖出$58.40 (tx=3gK2bczzTw9d...)
[23:58:26] *** 操盘方钱包卖出信号#253 *** 9SBM5wqYVP... 卖出$0.21 (tx=3g6kTnXjsRF3...)
[23:58:26] *** 操盘方钱包卖出信号#254 *** 8MqpdHkKdU... 卖出$1.38 (tx=4LyPaaBDbAt2...)
[23:58:26] *** 操盘方钱包卖出信号#255 *** Dso6QSwKYr... 卖出$1.37 (tx=Jddu5Ej7ZoWJ...)
[23:58:26] *** 操盘方钱包卖出信号#256 *** 5uwh37EhTu... 卖出$0.25 (tx=3cqVTyWyrVtM...)
[23:58:26] *** 操盘方钱包卖出信号#257 *** 8PYS8YU5XU... 卖出$60.27 (tx=5Cekg1h46ntW...)
[23:58:26] *** 操盘方钱包卖出信号#258 *** 6wTd5VpwiM... 卖出$1.34 (tx=5a5ZRm5mjW4h...)
[23:58:26] *** 操盘方钱包卖出信号#259 *** 74yRx7Gwr1... 卖出$0.03 (tx=3PwCxxH4bqra...)
[23:58:26] *** 操盘方钱包卖出信号#260 *** EQ2AvnerhS... 卖出$1.32 (tx=3eKuS2q7ViMV...)
[23:58:26] *** 操盘方钱包卖出信号#261 *** Dso6QSwKYr... 卖出$1.14 (tx=55moVx9wCQrk...)
[23:58:26] *** 操盘方钱包卖出信号#262 *** 8MqpdHkKdU... 卖出$57.13 (tx=4tPoQchc9ixQ...)
[23:58:26] *** 操盘方钱包卖出信号#263 *** 6wTd5VpwiM... 卖出$38.40 (tx=n7XLu1U9kTdh...)
[23:58:26] *** 操盘方钱包卖出信号#264 *** AHprDYwvJR... 卖出$0.72 (tx=45UfAiMRbs5m...)
[23:58:26] *** 操盘方钱包卖出信号#265 *** 2uzvnzu7Uk... 卖出$0.19 (tx=5EFkn2dd2ycS...)
[23:58:26] *** 操盘方钱包卖出信号#266 *** 9SBM5wqYVP... 卖出$38.31 (tx=5r7272gDQNVN...)
[23:58:26] *** 操盘方钱包卖出信号#267 *** 74yRx7Gwr1... 卖出$1.07 (tx=5NwMSVNMzC2w...)
[23:59:03] *** 操盘方钱包卖出信号#268 *** 74yRx7Gwr1... 卖出$0.37 (tx=4Y9UpXLfDhhd...)
[23:59:03] *** 操盘方钱包卖出信号#269 *** 9SBM5wqYVP... 卖出$63.95 (tx=66VKnLoAgogT...)
[23:59:03] *** 操盘方钱包卖出信号#270 *** 8MqpdHkKdU... 卖出$58.70 (tx=5QHHGtdwXSav...)
[23:59:03] *** 操盘方钱包卖出信号#271 *** Dso6QSwKYr... 卖出$1.37 (tx=4dASxvXN1WJU...)
[23:59:03] *** 操盘方钱包卖出信号#272 *** 5uwh37EhTu... 卖出$1.44 (tx=2U5GmQvnoQsS...)
[23:59:03] *** 操盘方钱包卖出信号#273 *** 8PYS8YU5XU... 卖出$0.17 (tx=BkZBvNqN62aG...)
[23:59:03] *** 操盘方钱包卖出信号#274 *** AHprDYwvJR... 卖出$0.66 (tx=xmHL6xYq83Mi...)
[23:59:03] *** 操盘方钱包卖出信号#275 *** 2uzvnzu7Uk... 卖出$0.63 (tx=2bS8bMWZgTNT...)
[23:59:03] *** 操盘方钱包卖出信号#276 *** 6wTd5VpwiM... 卖出$42.17 (tx=5EwRbV9W7aBy...)
[23:59:03] *** 操盘方钱包卖出信号#277 *** 9SBM5wqYVP... 卖出$57.93 (tx=2zRnX8ZkFHeY...)
[23:59:03] *** 操盘方钱包卖出信号#278 *** 74yRx7Gwr1... 卖出$1.14 (tx=4BqJocjviiJp...)
[23:59:03] *** 操盘方钱包卖出信号#279 *** EQ2AvnerhS... 卖出$1.30 (tx=3yRaRCWC8F6n...)
[23:59:03] *** 操盘方钱包卖出信号#280 *** 8MqpdHkKdU... 卖出$59.19 (tx=3toDyWGnUNsP...)
[23:59:03] *** 操盘方钱包卖出信号#281 *** Dso6QSwKYr... 卖出$0.78 (tx=3PSzcDoWxthY...)
[23:59:03] *** 操盘方钱包卖出信号#282 *** 5uwh37EhTu... 卖出$56.65 (tx=zzJHdWWDC5nd...)
[23:59:03] *** 操盘方钱包卖出信号#283 *** 8PYS8YU5XU... 卖出$0.04 (tx=463W8hB6KTUL...)
[23:59:03] *** 操盘方钱包卖出信号#284 *** 2uzvnzu7Uk... 卖出$52.96 (tx=2yNZfcHdpATB...)
[23:59:03] *** 操盘方钱包卖出信号#285 *** 6wTd5VpwiM... 卖出$0.63 (tx=5LEuNvUiYPTG...)
[23:59:03] *** 操盘方钱包卖出信号#286 *** AHprDYwvJR... 卖出$0.16 (tx=52APzBBRcRha...)
[23:59:03] *** 操盘方钱包卖出信号#287 *** 9SBM5wqYVP... 卖出$0.36 (tx=4f2LiHE4goqs...)
[23:59:03] *** 操盘方钱包卖出信号#288 *** 74yRx7Gwr1... 卖出$0.96 (tx=3R1Xp8EVz9AX...)
[23:59:03] *** 操盘方钱包卖出信号#289 *** 9SBM5wqYVP... 卖出$0.90 (tx=3rzxfFeVJfhG...)
[23:59:03] *** 操盘方钱包卖出信号#290 *** AHprDYwvJR... 卖出$1.27 (tx=2da5MrMwkXeC...)
[23:59:03] *** 操盘方钱包卖出信号#291 *** 74yRx7Gwr1... 卖出$47.84 (tx=4KjQkUR7pXtZ...)
[23:59:03] *** 操盘方钱包卖出信号#292 *** 6wTd5VpwiM... 卖出$1.36 (tx=52YMgmBynVgn...)
[23:59:03] *** 操盘方钱包卖出信号#293 *** EQ2AvnerhS... 卖出$1.05 (tx=4nbM2vE9siZu...)
[23:59:03] *** 操盘方钱包卖出信号#294 *** 8MqpdHkKdU... 卖出$0.90 (tx=61GYCnh5K3aN...)
[23:59:03] *** 操盘方钱包卖出信号#295 *** Dso6QSwKYr... 卖出$50.40 (tx=2WeCUB3F955F...)
[23:59:03] *** 操盘方钱包卖出信号#296 *** 5uwh37EhTu... 卖出$1.37 (tx=98e7bwjYQd87...)
[23:59:03] *** 操盘方钱包卖出信号#297 *** 8PYS8YU5XU... 卖出$0.95 (tx=3MGFtsqrACcL...)
[23:59:03] *** 操盘方钱包卖出信号#298 *** 2uzvnzu7Uk... 卖出$50.41 (tx=qJkD1wi18kuV...)
[23:59:03] *** 操盘方钱包卖出信号#299 *** AHprDYwvJR... 卖出$0.60 (tx=2NorGramQm2p...)
[23:59:03] *** 操盘方钱包卖出信号#300 *** 6wTd5VpwiM... 卖出$0.64 (tx=4RyH26nJdCpP...)
[23:59:03] *** 操盘方钱包卖出信号#301 *** 74yRx7Gwr1... 卖出$46.80 (tx=3EU2Q7SP6PS9...)
[23:59:03] *** 操盘方钱包卖出信号#302 *** EQ2AvnerhS... 卖出$62.13 (tx=515XbdrwqWmc...)
[23:59:42] *** 操盘方钱包卖出信号#303 *** AHprDYwvJR... 卖出$47.72 (tx=4ZcK6wyGzAgs...)
[23:59:42] *** 操盘方钱包卖出信号#304 *** 6wTd5VpwiM... 卖出$1.32 (tx=2TsgTLnVdN9Y...)
[23:59:42] *** 操盘方钱包卖出信号#305 *** 9SBM5wqYVP... 卖出$1.00 (tx=47cae8ayvNck...)
[23:59:42] *** 操盘方钱包卖出信号#306 *** EQ2AvnerhS... 卖出$47.94 (tx=59Y3Y9mGp1bA...)
[23:59:42] *** 操盘方钱包卖出信号#307 *** 74yRx7Gwr1... 卖出$1.25 (tx=62S2igqThLYW...)
[23:59:42] *** 操盘方钱包卖出信号#308 *** Dso6QSwKYr... 卖出$1.03 (tx=67pqMhrczobn...)
[23:59:42] *** 操盘方钱包卖出信号#309 *** 8MqpdHkKdU... 卖出$0.72 (tx=3SixhoGPoGU5...)
[23:59:42] *** 操盘方钱包卖出信号#310 *** 5uwh37EhTu... 卖出$1.13 (tx=4CEBDwEwyH4B...)
[23:59:42] *** 操盘方钱包卖出信号#311 *** 8PYS8YU5XU... 卖出$54.29 (tx=55t7qDq34qp1...)
[23:59:42] *** 操盘方钱包卖出信号#312 *** 2uzvnzu7Uk... 卖出$0.01 (tx=4F9FrWHgWpXy...)
[23:59:42] *** 操盘方钱包卖出信号#313 *** AHprDYwvJR... 卖出$1.10 (tx=gUbmfcy3MPAD...)
[23:59:42] *** 操盘方钱包卖出信号#314 *** 6wTd5VpwiM... 卖出$67.40 (tx=5eHQRFSmRCFJ...)
[23:59:42] *** 操盘方钱包卖出信号#315 *** 74yRx7Gwr1... 卖出$1.38 (tx=2L4qRwwckCUW...)
[23:59:42] *** 操盘方钱包卖出信号#316 *** 9SBM5wqYVP... 卖出$0.63 (tx=2y7T4zp9DSG8...)
[23:59:42] *** 操盘方钱包卖出信号#317 *** EQ2AvnerhS... 卖出$1.11 (tx=47nan7eqsWkU...)
[23:59:42] *** 操盘方钱包卖出信号#318 *** 8MqpdHkKdU... 卖出$46.45 (tx=4yHgMRCrJ5V8...)
[23:59:42] *** 操盘方钱包卖出信号#319 *** Dso6QSwKYr... 卖出$0.76 (tx=YJjNXSrBrnkX...)
[23:59:42] *** 操盘方钱包卖出信号#320 *** 5uwh37EhTu... 卖出$63.69 (tx=iDR58wJFNjaU...)
[23:59:42] *** 操盘方钱包卖出信号#321 *** 8PYS8YU5XU... 卖出$1.47 (tx=3CCYdmAoocts...)
[23:59:42] *** 操盘方钱包卖出信号#322 *** 2uzvnzu7Uk... 卖出$48.43 (tx=4KeKDzyK8etg...)
[23:59:42] *** 操盘方钱包卖出信号#323 *** AHprDYwvJR... 卖出$1.44 (tx=2UERDjRGGQn1...)
[23:59:42] *** 操盘方钱包卖出信号#324 *** 6wTd5VpwiM... 卖出$0.72 (tx=4JTVxjCKziCT...)
[23:59:42] *** 操盘方钱包卖出信号#325 *** 8MqpdHkKdU... 卖出$0.01 (tx=3oEURLEFRUd5...)
[23:59:42] *** 操盘方钱包卖出信号#326 *** 74yRx7Gwr1... 卖出$1.12 (tx=5bqxfhr38MPp...)
[23:59:42] *** 操盘方钱包卖出信号#327 *** 9SBM5wqYVP... 卖出$0.19 (tx=xySN5vGBxbFE...)
[23:59:42] *** 操盘方钱包卖出信号#328 *** Dso6QSwKYr... 卖出$1.38 (tx=LHVfPGPCpBg6...)
[23:59:42] *** 操盘方钱包卖出信号#329 *** EQ2AvnerhS... 卖出$0.81 (tx=65hFCy1qcYtV...)
[23:59:42] *** 操盘方钱包卖出信号#330 *** 5uwh37EhTu... 卖出$53.93 (tx=53jeRnFkHDd1...)
[23:59:42] *** 操盘方钱包卖出信号#331 *** 8PYS8YU5XU... 卖出$1.16 (tx=3WSDgYo9NrGP...)
[23:59:42] *** 操盘方钱包卖出信号#332 *** AHprDYwvJR... 卖出$1.16 (tx=2DRR45y8ikV5...)
[23:59:42] *** 操盘方钱包卖出信号#333 *** 9SBM5wqYVP... 卖出$1.45 (tx=rg1AtKPm7Bfe...)
[23:59:42] *** 操盘方钱包卖出信号#334 *** 74yRx7Gwr1... 卖出$44.58 (tx=5qPJthqgZ7Cv...)
[23:59:42] *** 操盘方钱包卖出信号#335 *** 2uzvnzu7Uk... 卖出$44.55 (tx=5xGyhu9M9Pm5...)
[23:59:42] *** 操盘方钱包卖出信号#336 *** 6wTd5VpwiM... 卖出$1.28 (tx=58pyB6PnWBn1...)
[23:59:42] *** 操盘方钱包卖出信号#337 *** 8MqpdHkKdU... 卖出$0.11 (tx=CVBbRyuGvztA...)
[23:59:42] *** 操盘方钱包卖出信号#338 *** EQ2AvnerhS... 卖出$0.35 (tx=5HrGTvXU1Xk1...)
[23:59:42] *** 操盘方钱包卖出信号#339 *** Dso6QSwKYr... 卖出$44.11 (tx=uxQxAVtcg5h2...)
[23:59:42] *** 操盘方钱包卖出信号#340 *** 5uwh37EhTu... 卖出$0.73 (tx=NLpJoeDVnZkJ...)
[00:00:20] *** 操盘方钱包卖出信号#341 *** 74yRx7Gwr1... 卖出$1.28 (tx=3jqcA1Cye999...)
[00:00:20] *** 操盘方钱包卖出信号#342 *** 9SBM5wqYVP... 卖出$45.37 (tx=Q8zLvdWEnPox...)
[00:00:20] *** 操盘方钱包卖出信号#343 *** EQ2AvnerhS... 卖出$0.60 (tx=4enfSPLZJ6Vi...)
[00:00:20] *** 操盘方钱包卖出信号#344 *** Dso6QSwKYr... 卖出$1.12 (tx=5vTPosMqvkNV...)
[00:00:20] *** 操盘方钱包卖出信号#345 *** 8MqpdHkKdU... 卖出$48.12 (tx=EdgU1KVjUN1x...)
[00:00:20] *** 操盘方钱包卖出信号#346 *** 5uwh37EhTu... 卖出$0.95 (tx=5XgCuuRKdA2g...)
[00:00:20] *** 操盘方钱包卖出信号#347 *** 8PYS8YU5XU... 卖出$0.54 (tx=4uvcc3uW6DD9...)
[00:00:20] *** 操盘方钱包卖出信号#348 *** 9SBM5wqYVP... 卖出$1.24 (tx=EMQQWshjw7Tg...)
[00:00:20] *** 操盘方钱包卖出信号#349 *** EQ2AvnerhS... 卖出$0.54 (tx=4W3vy2J3E1JT...)
[00:00:20] *** 操盘方钱包卖出信号#350 *** 8MqpdHkKdU... 卖出$52.32 (tx=3SVoWoEwPdzd...)
[00:00:20] *** 操盘方钱包卖出信号#351 *** 5uwh37EhTu... 卖出$64.08 (tx=3ihehGKXeUhz...)
[00:00:20] *** 操盘方钱包卖出信号#352 *** 74yRx7Gwr1... 卖出$1.28 (tx=E1C5ZmLocReE...)
[00:00:20] *** 操盘方钱包卖出信号#353 *** Dso6QSwKYr... 卖出$0.27 (tx=QfY2QTpJHQbL...)
[00:00:20] *** 操盘方钱包卖出信号#354 *** 8PYS8YU5XU... 卖出$1.09 (tx=4xx7Qt8VUec1...)
[00:00:20] *** 操盘方钱包卖出信号#355 *** 2uzvnzu7Uk... 卖出$66.19 (tx=5zh9cZTsE2RA...)
[00:00:20] *** 操盘方钱包卖出信号#356 *** AHprDYwvJR... 卖出$0.40 (tx=4C21c8aMTUXn...)
[00:00:20] *** 操盘方钱包卖出信号#357 *** 6wTd5VpwiM... 卖出$1.19 (tx=5jw98kGgPoDP...)
[00:00:20] *** 操盘方钱包卖出信号#358 *** 9SBM5wqYVP... 卖出$0.57 (tx=3wYozJSNJcXj...)
[00:00:20] *** 操盘方钱包卖出信号#359 *** 74yRx7Gwr1... 卖出$0.54 (tx=5RivwCjnryi3...)
[00:00:20] *** 操盘方钱包卖出信号#360 *** 8MqpdHkKdU... 卖出$0.95 (tx=4VPbQvfvTHS5...)
[00:00:20] *** 操盘方钱包卖出信号#361 *** EQ2AvnerhS... 卖出$0.29 (tx=3avAAQj9DV55...)
[00:00:20] *** 操盘方钱包卖出信号#362 *** 5uwh37EhTu... 卖出$57.31 (tx=MWacavRyWaMj...)
[00:00:20] *** 操盘方钱包卖出信号#363 *** Dso6QSwKYr... 卖出$0.49 (tx=5J88iYKxtkmM...)
[00:00:20] *** 操盘方钱包卖出信号#364 *** 8PYS8YU5XU... 卖出$1.48 (tx=fa6zV48Vtq56...)
[00:00:20] *** 操盘方钱包卖出信号#365 *** 2uzvnzu7Uk... 卖出$58.86 (tx=5s9qYM8p5dgt...)
[00:00:20] *** 操盘方钱包卖出信号#366 *** 6wTd5VpwiM... 卖出$0.95 (tx=3AuLz1YuYdvm...)
[00:00:20] *** 操盘方钱包卖出信号#367 *** AHprDYwvJR... 卖出$1.37 (tx=4ak9v1XasHF7...)
[00:00:20] *** 操盘方钱包卖出信号#368 *** 74yRx7Gwr1... 卖出$0.30 (tx=3m19wtGTv4c8...)
[00:00:20] *** 操盘方钱包卖出信号#369 *** 8MqpdHkKdU... 卖出$1.33 (tx=5LFa7aBvERFj...)
[00:00:20] *** 操盘方钱包卖出信号#370 *** EQ2AvnerhS... 卖出$0.32 (tx=4AMYzFhjC6ju...)
[00:00:20] *** 操盘方钱包卖出信号#371 *** 9SBM5wqYVP... 卖出$0.19 (tx=43DYWkSX4NHH...)
[00:00:20] *** 操盘方钱包卖出信号#372 *** Dso6QSwKYr... 卖出$0.01 (tx=2kwv4k35P1fw...)
[00:00:20] *** 操盘方钱包卖出信号#373 *** 5uwh37EhTu... 卖出$64.65 (tx=3CegpqHRrLfn...)
[00:00:20] *** 操盘方钱包卖出信号#374 *** 8PYS8YU5XU... 卖出$1.40 (tx=33jX6PpERwt9...)
[00:00:20] *** 操盘方钱包卖出信号#375 *** AHprDYwvJR... 卖出$0.61 (tx=dn74uvL9kaiq...)
[00:00:51] *** 操盘方钱包卖出信号#376 *** 74yRx7Gwr1... 卖出$0.88 (tx=2yovAmgpKUhh...)
[00:00:51] *** 操盘方钱包卖出信号#377 *** 9SBM5wqYVP... 卖出$0.63 (tx=45U3RdqKYxRe...)
[00:00:51] *** 操盘方钱包卖出信号#378 *** 8MqpdHkKdU... 卖出$1.04 (tx=3opRvFGK1jkM...)
[00:00:51] *** 操盘方钱包卖出信号#379 *** EQ2AvnerhS... 卖出$0.25 (tx=41dZvkoT6APK...)
[00:00:51] *** 操盘方钱包卖出信号#380 *** Dso6QSwKYr... 卖出$52.74 (tx=2xBhT7LzKWYv...)
[00:00:51] *** 操盘方钱包卖出信号#381 *** 5uwh37EhTu... 卖出$0.19 (tx=5TE1koqu4sgs...)
[00:00:51] *** 操盘方钱包卖出信号#382 *** 2uzvnzu7Uk... 卖出$0.89 (tx=2wx2BoSThn6w...)
[00:00:51] *** 操盘方钱包卖出信号#383 *** 8PYS8YU5XU... 卖出$1.08 (tx=37PUNP4YzNu1...)
[00:00:51] *** 操盘方钱包卖出信号#384 *** AHprDYwvJR... 卖出$61.62 (tx=3Uq1X2FKdjPz...)
[00:00:51] *** 操盘方钱包卖出信号#385 *** 6wTd5VpwiM... 卖出$1.45 (tx=5WfKMXKe3MXi...)
[00:00:51] *** 操盘方钱包卖出信号#386 *** 74yRx7Gwr1... 卖出$55.39 (tx=5Y4EDkcgJ4Rm...)
[00:00:51] *** 操盘方钱包卖出信号#387 *** 9SBM5wqYVP... 卖出$1.19 (tx=3nhZB5damYUc...)
[00:00:51] *** 操盘方钱包卖出信号#388 *** EQ2AvnerhS... 卖出$39.59 (tx=32rexzcRXXgZ...)
[00:00:51] *** 操盘方钱包卖出信号#389 *** Dso6QSwKYr... 卖出$1.18 (tx=wXVpxrFCsSKo...)
[00:00:51] *** 操盘方钱包卖出信号#390 *** 8MqpdHkKdU... 卖出$0.51 (tx=Smn6tbPpmwAP...)
[00:00:51] *** 操盘方钱包卖出信号#391 *** 5uwh37EhTu... 卖出$0.99 (tx=2f1ErRctvaSn...)
[00:00:51] *** 操盘方钱包卖出信号#392 *** 8PYS8YU5XU... 卖出$60.43 (tx=4QRSHMiTcjVJ...)
[00:00:51] *** 操盘方钱包卖出信号#393 *** 2uzvnzu7Uk... 卖出$0.06 (tx=2eMTwgaAcrV8...)
[00:00:51] *** 操盘方钱包卖出信号#394 *** AHprDYwvJR... 卖出$43.40 (tx=ziKUMZknMak3...)
[00:00:51] *** 操盘方钱包卖出信号#395 *** 6wTd5VpwiM... 卖出$0.68 (tx=5Sv9wUVyBr4Q...)
[00:00:51] *** 操盘方钱包卖出信号#396 *** 74yRx7Gwr1... 卖出$0.10 (tx=4xcXETPo1rkJ...)
[00:00:51] *** 操盘方钱包卖出信号#397 *** 9SBM5wqYVP... 卖出$0.53 (tx=5HkL9xWpvy8m...)
[00:00:51] *** 操盘方钱包卖出信号#398 *** 8MqpdHkKdU... 卖出$0.85 (tx=qgpU53TxyrST...)
[00:00:51] *** 操盘方钱包卖出信号#399 *** Dso6QSwKYr... 卖出$0.03 (tx=2ZZrVt8pdXJ3...)
[00:00:51] *** 操盘方钱包卖出信号#400 *** EQ2AvnerhS... 卖出$44.51 (tx=5z7SS3wvbpDW...)
[00:00:51] *** 操盘方钱包卖出信号#401 *** 5uwh37EhTu... 卖出$1.29 (tx=2brtJZEQxe3y...)
[00:00:51] *** 操盘方钱包卖出信号#402 *** 8PYS8YU5XU... 卖出$61.30 (tx=2raJUYoSPqcE...)
[00:00:51] *** 操盘方钱包卖出信号#403 *** 2uzvnzu7Uk... 卖出$0.25 (tx=5cVEKFBC6tZn...)
[00:00:51] *** 操盘方钱包卖出信号#404 *** AHprDYwvJR... 卖出$45.99 (tx=4BwBYtiRiREL...)
[00:00:51] *** 操盘方钱包卖出信号#405 *** 74yRx7Gwr1... 卖出$42.42 (tx=EwJHKgvmxH9X...)
[00:00:51] *** 操盘方钱包卖出信号#406 *** 6wTd5VpwiM... 卖出$0.44 (tx=26BohdDefKPU...)
[00:00:51] *** 操盘方钱包卖出信号#407 *** 8MqpdHkKdU... 卖出$0.96 (tx=5B4PBR6BHehN...)
[00:00:51] *** 操盘方钱包卖出信号#408 *** 9SBM5wqYVP... 卖出$0.09 (tx=5sA8noYvfPi7...)
[00:00:51] *** 操盘方钱包卖出信号#409 *** Dso6QSwKYr... 卖出$1.19 (tx=27v8Q1d6XhS5...)
[00:00:51] *** 操盘方钱包卖出信号#410 *** EQ2AvnerhS... 卖出$39.17 (tx=2k5kYsxAyuzd...)
[00:00:51] *** 操盘方钱包卖出信号#411 *** 5uwh37EhTu... 卖出$0.09 (tx=3SdYdRRdfZRz...)
[00:02:07] *** 操盘方钱包卖出信号#412 *** 8PYS8YU5XU... 卖出$0.28 (tx=31tcLjrb4NZj...)
[00:02:07] *** 操盘方钱包卖出信号#413 *** 2uzvnzu7Uk... 卖出$0.04 (tx=3nB5fcdS6yER...)
[00:02:07] *** 操盘方钱包卖出信号#414 *** AHprDYwvJR... 卖出$0.86 (tx=3AiS6xHHR56p...)
[00:02:07] *** 操盘方钱包卖出信号#415 *** 6wTd5VpwiM... 卖出$51.24 (tx=27sqyGYP9Vwk...)
[00:02:07] *** 操盘方钱包卖出信号#416 *** 74yRx7Gwr1... 卖出$1.19 (tx=5cziapDNHAoU...)
[00:02:07] *** 操盘方钱包卖出信号#417 *** 9SBM5wqYVP... 卖出$62.71 (tx=64UGheM7nXbU...)
[00:02:07] *** 操盘方钱包卖出信号#418 *** EQ2AvnerhS... 卖出$0.87 (tx=4Zf2W8Ws8gCa...)
[00:02:07] *** 操盘方钱包卖出信号#419 *** 8MqpdHkKdU... 卖出$55.32 (tx=5qzrJkUyY6tZ...)
[00:02:07] *** 操盘方钱包卖出信号#420 *** Dso6QSwKYr... 卖出$1.02 (tx=2rniF9cAzMJn...)
[00:02:07] *** 操盘方钱包卖出信号#421 *** 5uwh37EhTu... 卖出$0.74 (tx=5RjWMHYkjARF...)
[00:02:07] *** 操盘方钱包卖出信号#422 *** 8PYS8YU5XU... 卖出$0.45 (tx=4iqdH2cK7Ax8...)
[00:02:07] *** 操盘方钱包卖出信号#423 *** 2uzvnzu7Uk... 卖出$0.67 (tx=2CtwiRTnrY4E...)
[00:02:07] *** 操盘方钱包卖出信号#424 *** AHprDYwvJR... 卖出$0.93 (tx=4Pt6yhdNSgvg...)
[00:02:07] *** 操盘方钱包卖出信号#425 *** 74yRx7Gwr1... 卖出$1.18 (tx=3SkU8cT5YXHz...)
[00:02:07] *** 操盘方钱包卖出信号#426 *** EQ2AvnerhS... 卖出$0.73 (tx=GS71gSiXnbMn...)
[00:02:07] *** 操盘方钱包卖出信号#427 *** 9SBM5wqYVP... 卖出$57.09 (tx=61AXsdAdz3qm...)
[00:02:07] *** 操盘方钱包卖出信号#428 *** 6wTd5VpwiM... 卖出$51.37 (tx=JN5qHoYsn6Rg...)
[00:02:07] *** 操盘方钱包卖出信号#429 *** 8MqpdHkKdU... 卖出$45.21 (tx=3f1WSAd1CMc2...)
[00:02:07] *** 操盘方钱包卖出信号#430 *** Dso6QSwKYr... 卖出$0.05 (tx=t8EBTLZNgr12...)
[00:02:07] *** 操盘方钱包卖出信号#431 *** 5uwh37EhTu... 卖出$1.49 (tx=XCQWXSVVdfUc...)
[00:02:07] *** 操盘方钱包卖出信号#432 *** 8PYS8YU5XU... 卖出$0.96 (tx=4skyb6tskTa9...)
[00:02:07] *** 操盘方钱包卖出信号#433 *** 6wTd5VpwiM... 卖出$0.27 (tx=hBLME8KKNqAg...)
[00:02:07] *** 操盘方钱包卖出信号#434 *** AHprDYwvJR... 卖出$0.18 (tx=4aZuf3ubsxRn...)
[00:02:07] *** 操盘方钱包卖出信号#435 *** 2uzvnzu7Uk... 卖出$47.28 (tx=5d27p6ZYX9PR...)
[00:02:07] *** 操盘方钱包卖出信号#436 *** 9SBM5wqYVP... 卖出$0.78 (tx=41K4yXUz8xBN...)
[00:02:07] *** 操盘方钱包卖出信号#437 *** 74yRx7Gwr1... 卖出$0.96 (tx=3mZqJC4FFr4C...)
[00:02:07] *** 操盘方钱包卖出信号#438 *** 8MqpdHkKdU... 卖出$0.54 (tx=3GUiRZiwafGy...)
[00:02:07] *** 操盘方钱包卖出信号#439 *** EQ2AvnerhS... 卖出$0.39 (tx=32K6YUqZsgcG...)
[00:02:07] *** 操盘方钱包卖出信号#440 *** Dso6QSwKYr... 卖出$45.20 (tx=3uFCnju1Jd8k...)
[00:02:07] *** 操盘方钱包卖出信号#441 *** 5uwh37EhTu... 卖出$0.55 (tx=39y4o5rs7VhE...)
[00:02:07] *** 操盘方钱包卖出信号#442 *** 2uzvnzu7Uk... 卖出$53.48 (tx=62ccpfHe24zb...)
[00:02:07] *** 操盘方钱包卖出信号#443 *** 8PYS8YU5XU... 卖出$0.58 (tx=6xEy5bcF5EaC...)
[00:02:07] *** 操盘方钱包卖出信号#444 *** 9SBM5wqYVP... 卖出$1.43 (tx=4CWug3WbfrSo...)
[00:02:07] *** 操盘方钱包卖出信号#445 *** 74yRx7Gwr1... 卖出$53.06 (tx=APbeos8RCVha...)
[00:02:07] *** 操盘方钱包卖出信号#446 *** EQ2AvnerhS... 卖出$1.20 (tx=JwaYmAmPYxHN...)
[00:02:07] *** 操盘方钱包卖出信号#447 *** 8MqpdHkKdU... 卖出$0.21 (tx=2eoKfVCVS3rt...)
[00:02:07] *** 操盘方钱包卖出信号#448 *** 5uwh37EhTu... 卖出$0.52 (tx=4KgHnTedZq2t...)
[00:02:07] *** 操盘方钱包卖出信号#449 *** Dso6QSwKYr... 卖出$44.82 (tx=411iZVeawX1z...)
[00:02:38] *** 操盘方钱包卖出信号#450 *** 8PYS8YU5XU... 卖出$0.36 (tx=3PA3gn1brpJP...)
[00:02:38] *** 操盘方钱包卖出信号#451 *** 2uzvnzu7Uk... 卖出$1.25 (tx=xHTCRRUYZ72f...)
[00:02:38] *** 操盘方钱包卖出信号#452 *** 6wTd5VpwiM... 卖出$0.45 (tx=57ztXvy53jsW...)
[00:02:38] *** 操盘方钱包卖出信号#453 *** AHprDYwvJR... 卖出$1.48 (tx=2DKCgiFaLPVn...)
[00:02:38] *** 操盘方钱包卖出信号#454 *** 9SBM5wqYVP... 卖出$0.93 (tx=363kxCPngr74...)
[00:02:38] *** 操盘方钱包卖出信号#455 *** 74yRx7Gwr1... 卖出$66.67 (tx=3sZhoPSGqozA...)
[00:02:38] *** 操盘方钱包卖出信号#456 *** Dso6QSwKYr... 卖出$38.91 (tx=3pppQs7JRyb3...)
[00:02:38] *** 操盘方钱包卖出信号#457 *** EQ2AvnerhS... 卖出$0.70 (tx=5ydZ7fMX5jbF...)
[00:02:38] *** 操盘方钱包卖出信号#458 *** 8MqpdHkKdU... 卖出$1.24 (tx=aUJWFt35sFpM...)
[00:02:38] *** 操盘方钱包卖出信号#459 *** 5uwh37EhTu... 卖出$0.91 (tx=4S53mxDLC1hn...)
[00:02:38] *** 操盘方钱包卖出信号#460 *** 8PYS8YU5XU... 卖出$57.51 (tx=5aaTgxZjcNo4...)
[00:02:38] *** 操盘方钱包卖出信号#461 *** 2uzvnzu7Uk... 卖出$0.19 (tx=5rtg5vJpooD7...)
[00:02:38] *** 操盘方钱包卖出信号#462 *** AHprDYwvJR... 卖出$59.10 (tx=or6rQpTE9d6F...)
[00:02:38] *** 操盘方钱包卖出信号#463 *** 6wTd5VpwiM... 卖出$1.02 (tx=zKjkw6LZNtmB...)
[00:02:38] *** 操盘方钱包卖出信号#464 *** 74yRx7Gwr1... 卖出$0.72 (tx=WW3aUtseNCY1...)
[00:02:38] *** 操盘方钱包卖出信号#465 *** EQ2AvnerhS... 卖出$0.16 (tx=2kxSCZ3F7XCq...)
[00:02:38] *** 操盘方钱包卖出信号#466 *** 8MqpdHkKdU... 卖出$54.24 (tx=R2jnPrQmqf4Y...)
[00:02:38] *** 操盘方钱包卖出信号#467 *** 9SBM5wqYVP... 卖出$42.71 (tx=L7XNKwcEDBw1...)
[00:02:38] *** 操盘方钱包卖出信号#468 *** Dso6QSwKYr... 卖出$1.06 (tx=3r63rkwCNhHA...)
[00:02:38] *** 操盘方钱包卖出信号#469 *** 5uwh37EhTu... 卖出$0.16 (tx=pJ4P3o2U1CZo...)
[00:02:38] *** 操盘方钱包卖出信号#470 *** 8PYS8YU5XU... 卖出$0.92 (tx=G32eVrf27oTt...)
[00:02:38] *** 操盘方钱包卖出信号#471 *** 2uzvnzu7Uk... 卖出$0.31 (tx=5MaDXs9zv1t1...)
[00:02:38] *** 操盘方钱包卖出信号#472 *** AHprDYwvJR... 卖出$0.63 (tx=52kyjP5Gh41R...)
[00:02:38] *** 操盘方钱包卖出信号#473 *** 6wTd5VpwiM... 卖出$63.95 (tx=3eespJCqLFoe...)
[00:02:38] *** 操盘方钱包卖出信号#474 *** 74yRx7Gwr1... 卖出$0.20 (tx=2JHKYCegdraA...)
[00:02:38] *** 操盘方钱包卖出信号#475 *** EQ2AvnerhS... 卖出$1.25 (tx=65zBkbZfZ7id...)
[00:02:38] *** 操盘方钱包卖出信号#476 *** 9SBM5wqYVP... 卖出$65.81 (tx=3Mk9dRJgqM5a...)
[00:02:38] *** 操盘方钱包卖出信号#477 *** Dso6QSwKYr... 卖出$0.66 (tx=5HrbRx3mXfKF...)
[00:02:38] *** 操盘方钱包卖出信号#478 *** 8MqpdHkKdU... 卖出$46.02 (tx=3wwV2UShqHDB...)
[00:02:38] *** 操盘方钱包卖出信号#479 *** 5uwh37EhTu... 卖出$0.81 (tx=65kU69W11W7Q...)
[00:02:38] *** 操盘方钱包卖出信号#480 *** 8PYS8YU5XU... 卖出$0.02 (tx=4zLA8t6GUfpc...)
[00:02:38] *** 操盘方钱包卖出信号#481 *** 2uzvnzu7Uk... 卖出$1.21 (tx=2EBxTFkRTe7Z...)
[00:02:38] *** 操盘方钱包卖出信号#482 *** AHprDYwvJR... 卖出$0.14 (tx=35CS6UrEhV3p...)
[00:02:38] *** 操盘方钱包卖出信号#483 *** 6wTd5VpwiM... 卖出$59.39 (tx=5regKFkKiDBL...)
[00:02:38] *** 操盘方钱包卖出信号#484 *** Dso6QSwKYr... 卖出$0.06 (tx=2XmQXpwxvts3...)
[00:03:51] *** 操盘方钱包卖出信号#485 *** EQ2AvnerhS... 卖出$66.92 (tx=2dJMJcem1EpV...)
[00:03:51] *** 操盘方钱包卖出信号#486 *** 9SBM5wqYVP... 卖出$1.07 (tx=ryDkVAuexHBU...)
[00:03:51] *** 操盘方钱包卖出信号#487 *** 8MqpdHkKdU... 卖出$0.94 (tx=5CnvW2miJPq4...)
[00:03:51] *** 操盘方钱包卖出信号#488 *** Dso6QSwKYr... 卖出$0.13 (tx=5uzk6Mj8Ue4f...)
[00:03:51] *** 操盘方钱包卖出信号#489 *** 5uwh37EhTu... 卖出$0.57 (tx=3n4Sm7rJCqyL...)
[00:03:51] *** 操盘方钱包卖出信号#490 *** 8PYS8YU5XU... 卖出$41.29 (tx=5KXyc5ar3kMc...)
[00:03:51] *** 操盘方钱包卖出信号#491 *** AHprDYwvJR... 卖出$0.77 (tx=4m9FupK5tiJA...)
[00:03:51] *** 操盘方钱包卖出信号#492 *** 6wTd5VpwiM... 卖出$38.52 (tx=2zN2fyheRVYN...)
[00:03:51] *** 操盘方钱包卖出信号#493 *** 2uzvnzu7Uk... 卖出$0.18 (tx=49TP1VsWf6SV...)
[00:03:51] *** 操盘方钱包卖出信号#494 *** 74yRx7Gwr1... 卖出$0.07 (tx=3XCv6c2dwSZj...)
[00:03:51] *** 操盘方钱包卖出信号#495 *** 9SBM5wqYVP... 卖出$1.10 (tx=5EqVUfDnjWyv...)
[00:03:51] *** 操盘方钱包卖出信号#496 *** EQ2AvnerhS... 卖出$0.98 (tx=386QtpsuRW5T...)
[00:03:51] *** 操盘方钱包卖出信号#497 *** 8MqpdHkKdU... 卖出$0.45 (tx=2LhDEWPXsaRL...)
[00:03:51] *** 操盘方钱包卖出信号#498 *** 5uwh37EhTu... 卖出$55.51 (tx=5B3Nvy8AE4Yw...)
[00:03:51] *** 操盘方钱包卖出信号#499 *** Dso6QSwKYr... 卖出$0.56 (tx=2oLMksv2z37k...)
[00:03:51] *** 操盘方钱包卖出信号#500 *** 8PYS8YU5XU... 卖出$0.09 (tx=5W3Jkrtjujew...)
[00:03:51] *** 操盘方钱包卖出信号#501 *** 2uzvnzu7Uk... 卖出$52.01 (tx=3ddW2YxsmHh1...)
[00:03:51] *** 操盘方钱包卖出信号#502 *** AHprDYwvJR... 卖出$0.86 (tx=H9u9k2zhT61m...)
[00:03:51] *** 操盘方钱包卖出信号#503 *** 6wTd5VpwiM... 卖出$0.96 (tx=5iHZQENm7hui...)
[00:03:51] *** 操盘方钱包卖出信号#504 *** 74yRx7Gwr1... 卖出$61.26 (tx=5jqHeWLfW9Bw...)
[00:03:51] *** 操盘方钱包卖出信号#505 *** 9SBM5wqYVP... 卖出$0.22 (tx=5iCBBR8aC8g7...)
[00:03:51] *** 操盘方钱包卖出信号#506 *** EQ2AvnerhS... 卖出$54.30 (tx=5ZBePeW8dRBd...)
[00:03:51] *** 操盘方钱包卖出信号#507 *** 8MqpdHkKdU... 卖出$0.96 (tx=22aP72AJUesw...)
[00:03:51] *** 操盘方钱包卖出信号#508 *** Dso6QSwKYr... 卖出$1.07 (tx=9VqVjABgXA6v...)
[00:03:51] *** 操盘方钱包卖出信号#509 *** 5uwh37EhTu... 卖出$0.73 (tx=39ucnhRxsxdc...)
[00:03:51] *** 操盘方钱包卖出信号#510 *** 8PYS8YU5XU... 卖出$0.59 (tx=3ANAjb2KFuS4...)
[00:03:51] *** 操盘方钱包卖出信号#511 *** AHprDYwvJR... 卖出$50.45 (tx=5pMNq4veEjXZ...)
[00:03:51] *** 操盘方钱包卖出信号#512 *** 2uzvnzu7Uk... 卖出$1.13 (tx=28GceZa8BFmm...)
[00:03:51] *** 操盘方钱包卖出信号#513 *** 6wTd5VpwiM... 卖出$0.10 (tx=2pmaekqo69bN...)
[00:03:51] *** 操盘方钱包卖出信号#514 *** 74yRx7Gwr1... 卖出$1.46 (tx=2nRVKDo2nkSY...)
[00:03:51] *** 操盘方钱包卖出信号#515 *** EQ2AvnerhS... 卖出$57.93 (tx=7LBqQSXKCt66...)
[00:03:51] *** 操盘方钱包卖出信号#516 *** 9SBM5wqYVP... 卖出$0.10 (tx=8QSwTE4tbSvg...)
[00:03:51] *** 操盘方钱包卖出信号#517 *** 8MqpdHkKdU... 卖出$0.16 (tx=RZrSoh4e1gZG...)
[00:03:51] *** 操盘方钱包卖出信号#518 *** Dso6QSwKYr... 卖出$0.15 (tx=5A8p1uAijad5...)
[00:03:51] *** 操盘方钱包卖出信号#519 *** 5uwh37EhTu... 卖出$0.10 (tx=5x5mzbgGykKq...)
[00:03:51] *** 操盘方钱包卖出信号#520 *** 8PYS8YU5XU... 卖出$0.81 (tx=5sKDBL9AfmrJ...)
[00:04:30] *** 操盘方钱包卖出信号#521 *** 9SBM5wqYVP... 卖出$56.66 (tx=39dw6bBCh8mb...)
[00:04:30] *** 操盘方钱包卖出信号#522 *** 74yRx7Gwr1... 卖出$0.91 (tx=aybagdTP1ZhC...)
[00:04:30] *** 操盘方钱包卖出信号#523 *** EQ2AvnerhS... 卖出$0.13 (tx=5Jw7z6xdZz67...)
[00:04:30] *** 操盘方钱包卖出信号#524 *** 8MqpdHkKdU... 卖出$39.09 (tx=4EVR7gutAwCT...)
[00:04:30] *** 操盘方钱包卖出信号#525 *** Dso6QSwKYr... 卖出$1.21 (tx=guxLEznR1zEa...)
[00:04:30] *** 操盘方钱包卖出信号#526 *** 5uwh37EhTu... 卖出$0.36 (tx=4MBKCrLV3P5u...)
[00:04:30] *** 操盘方钱包卖出信号#527 *** 8PYS8YU5XU... 卖出$0.89 (tx=4H6ZGjmEYp9V...)
[00:04:30] *** 操盘方钱包卖出信号#528 *** AHprDYwvJR... 卖出$1.49 (tx=3hcvTiA7y4kq...)
[00:04:30] *** 操盘方钱包卖出信号#529 *** 2uzvnzu7Uk... 卖出$0.90 (tx=4hdrfuzzfdDZ...)
[00:04:30] *** 操盘方钱包卖出信号#530 *** 6wTd5VpwiM... 卖出$50.05 (tx=aUifCEUystia...)
[00:04:30] *** 操盘方钱包卖出信号#531 *** 9SBM5wqYVP... 卖出$0.52 (tx=5HmLiFBJdNRS...)
[00:04:30] *** 操盘方钱包卖出信号#532 *** 74yRx7Gwr1... 卖出$0.86 (tx=3YdDUJtHpxV4...)
[00:04:30] *** 操盘方钱包卖出信号#533 *** EQ2AvnerhS... 卖出$1.19 (tx=5fzgbzuHnpgi...)
[00:04:30] *** 操盘方钱包卖出信号#534 *** 8MqpdHkKdU... 卖出$38.56 (tx=2F4jDaMR9zey...)
[00:04:30] *** 操盘方钱包卖出信号#535 *** 5uwh37EhTu... 卖出$66.81 (tx=4WHMC7eAht9R...)
[00:04:30] *** 操盘方钱包卖出信号#536 *** Dso6QSwKYr... 卖出$0.76 (tx=xSm6fU7uhZS2...)
[00:04:30] *** 操盘方钱包卖出信号#537 *** 8PYS8YU5XU... 卖出$62.54 (tx=61pSK9xyzU78...)
[00:04:30] *** 操盘方钱包卖出信号#538 *** 6wTd5VpwiM... 卖出$1.33 (tx=4RMcZrAXApxj...)
[00:04:30] *** 操盘方钱包卖出信号#539 *** AHprDYwvJR... 卖出$0.20 (tx=58JhRvZAE1hf...)
[00:04:30] *** 操盘方钱包卖出信号#540 *** 2uzvnzu7Uk... 卖出$51.34 (tx=2V3WiZGzsUCU...)
[00:04:30] *** 操盘方钱包卖出信号#541 *** 9SBM5wqYVP... 卖出$1.32 (tx=4jMzXzW1nmG9...)
[00:04:30] *** 操盘方钱包卖出信号#542 *** 74yRx7Gwr1... 卖出$1.09 (tx=5w5Pck4W48ZB...)
[00:04:30] *** 操盘方钱包卖出信号#543 *** EQ2AvnerhS... 卖出$1.32 (tx=4BzFxsktNEwj...)
[00:04:30] *** 操盘方钱包卖出信号#544 *** Dso6QSwKYr... 卖出$1.41 (tx=DESEaFdLLpUo...)
[00:04:30] *** 操盘方钱包卖出信号#545 *** 8MqpdHkKdU... 卖出$37.83 (tx=4EAi5vCRBety...)
[00:04:31] *** 操盘方钱包卖出信号#546 *** 5uwh37EhTu... 卖出$0.16 (tx=2BadGnT8Vg1a...)
[00:04:31] *** 操盘方钱包卖出信号#547 *** 8PYS8YU5XU... 卖出$42.37 (tx=5gsKywTtjvrx...)
[00:04:31] *** 操盘方钱包卖出信号#548 *** 2uzvnzu7Uk... 卖出$0.84 (tx=5sdm7R4fuCfb...)
[00:04:31] *** 操盘方钱包卖出信号#549 *** 6wTd5VpwiM... 卖出$55.25 (tx=3yPEZDdC6ot7...)
[00:04:31] *** 操盘方钱包卖出信号#550 *** AHprDYwvJR... 卖出$1.18 (tx=2mtTk52ti4up...)
[00:04:31] *** 操盘方钱包卖出信号#551 *** Dso6QSwKYr... 卖出$0.84 (tx=4nXwS6eUSKjx...)
[00:04:31] *** 操盘方钱包卖出信号#552 *** 8MqpdHkKdU... 卖出$63.10 (tx=aYA5rvf5mjYJ...)
[00:04:31] *** 操盘方钱包卖出信号#553 *** EQ2AvnerhS... 卖出$0.28 (tx=zzjC56RDhLfP...)
[00:04:31] *** 操盘方钱包卖出信号#554 *** 5uwh37EhTu... 卖出$0.92 (tx=671HvBf6PDCV...)
[00:05:02] *** 操盘方钱包卖出信号#555 *** 2uzvnzu7Uk... 卖出$1.39 (tx=RhcCPbPvBWzL...)
[00:05:02] *** 操盘方钱包卖出信号#556 *** 8PYS8YU5XU... 卖出$41.17 (tx=Nj3WcW76HNJ6...)
[00:05:02] *** 操盘方钱包卖出信号#557 *** 74yRx7Gwr1... 卖出$0.06 (tx=2j4PA5LUocCP...)
[00:05:02] *** 操盘方钱包卖出信号#558 *** EQ2AvnerhS... 卖出$1.49 (tx=r6kFZvE95rDU...)
[00:05:02] *** 操盘方钱包卖出信号#559 *** 8MqpdHkKdU... 卖出$1.28 (tx=t39EEhiYgeB1...)
[00:05:02] *** 操盘方钱包卖出信号#560 *** 9SBM5wqYVP... 卖出$0.86 (tx=5txZ7YpegVA7...)
[00:05:02] *** 操盘方钱包卖出信号#561 *** Dso6QSwKYr... 卖出$40.80 (tx=4pz2WyAuubpe...)
[00:05:02] *** 操盘方钱包卖出信号#562 *** 5uwh37EhTu... 卖出$1.28 (tx=2PDccMbggFxQ...)
[00:05:02] *** 操盘方钱包卖出信号#563 *** 8PYS8YU5XU... 卖出$1.22 (tx=38PJC8ZbUF4f...)
[00:05:02] *** 操盘方钱包卖出信号#564 *** AHprDYwvJR... 卖出$53.31 (tx=2UQWc8Z6QmfN...)
[00:05:02] *** 操盘方钱包卖出信号#565 *** 2uzvnzu7Uk... 卖出$1.09 (tx=46jXmTGv35AD...)
[00:05:02] *** 操盘方钱包卖出信号#566 *** 6wTd5VpwiM... 卖出$0.93 (tx=28Gk68MfKbE7...)
[00:05:02] *** 操盘方钱包卖出信号#567 *** 74yRx7Gwr1... 卖出$46.58 (tx=4JxXJ2WUtjvF...)
[00:05:02] *** 操盘方钱包卖出信号#568 *** 8MqpdHkKdU... 卖出$1.08 (tx=2CU5x9UJQ1Sg...)
[00:05:02] *** 操盘方钱包卖出信号#569 *** Dso6QSwKYr... 卖出$0.52 (tx=4NXkuSWqxfpg...)
[00:05:02] *** 操盘方钱包卖出信号#570 *** 9SBM5wqYVP... 卖出$0.19 (tx=3LfLUwn4xAtD...)
[00:05:02] *** 操盘方钱包卖出信号#571 *** EQ2AvnerhS... 卖出$58.39 (tx=jmxbiVVXqVBJ...)
[00:05:02] *** 操盘方钱包卖出信号#572 *** 5uwh37EhTu... 卖出$0.14 (tx=5HA67cRE1zuC...)
[00:05:02] *** 操盘方钱包卖出信号#573 *** 8PYS8YU5XU... 卖出$0.64 (tx=DfWaWRzfuxsC...)
[00:05:02] *** 操盘方钱包卖出信号#574 *** AHprDYwvJR... 卖出$0.36 (tx=5UKjmLtjSnbn...)
[00:05:02] *** 操盘方钱包卖出信号#575 *** 2uzvnzu7Uk... 卖出$1.17 (tx=dRDAQgUzoq2A...)
[00:05:02] *** 操盘方钱包卖出信号#576 *** 6wTd5VpwiM... 卖出$0.99 (tx=4VtKbtMFHGKc...)
[00:05:02] *** 操盘方钱包卖出信号#577 *** 9SBM5wqYVP... 卖出$44.72 (tx=qAWuRLwcwAGm...)
[00:05:02] *** 操盘方钱包卖出信号#578 *** 74yRx7Gwr1... 卖出$1.46 (tx=2qGGJSwhH1Kv...)
[00:05:02] *** 操盘方钱包卖出信号#579 *** EQ2AvnerhS... 卖出$1.27 (tx=3ZAN9CEgr1tD...)
[00:05:02] *** 操盘方钱包卖出信号#580 *** 8MqpdHkKdU... 卖出$1.48 (tx=4XAF4jX35D7y...)
[00:05:02] *** 操盘方钱包卖出信号#581 *** Dso6QSwKYr... 卖出$0.13 (tx=4JmDhd7wDeXb...)
[00:05:02] *** 操盘方钱包卖出信号#582 *** 5uwh37EhTu... 卖出$0.50 (tx=5wsL1ESaj2xY...)
[00:05:02] *** 操盘方钱包卖出信号#583 *** 8PYS8YU5XU... 卖出$61.15 (tx=5iHadAc8Yq5H...)
[00:05:02] *** 操盘方钱包卖出信号#584 *** 6wTd5VpwiM... 卖出$67.08 (tx=5MXb2zTj2jgR...)
[00:05:02] *** 操盘方钱包卖出信号#585 *** 74yRx7Gwr1... 卖出$0.88 (tx=UioriCecCzvJ...)
[00:05:02] *** 操盘方钱包卖出信号#586 *** 2uzvnzu7Uk... 卖出$0.50 (tx=2m4iz1rKVdR6...)
[00:05:02] *** 操盘方钱包卖出信号#587 *** 9SBM5wqYVP... 卖出$0.40 (tx=3JpQwmNGMSty...)
[00:05:02] *** 操盘方钱包卖出信号#588 *** AHprDYwvJR... 卖出$1.17 (tx=upYGN8MNPMjF...)
[00:05:02] *** 操盘方钱包卖出信号#589 *** 5uwh37EhTu... 卖出$54.13 (tx=5SPgY7aG7esK...)
[00:05:02] *** 操盘方钱包卖出信号#590 *** EQ2AvnerhS... 卖出$1.41 (tx=48jf5a6Fm2kN...)
[00:05:02] *** 操盘方钱包卖出信号#591 *** 8MqpdHkKdU... 卖出$1.12 (tx=5BZWUbxFpUhg...)
[00:05:02] *** 操盘方钱包卖出信号#592 *** Dso6QSwKYr... 卖出$1.41 (tx=7sb96vCVZhom...)
[00:06:15] *** 操盘方钱包卖出信号#593 *** 5uwh37EhTu... 卖出$0.73 (tx=3Z5bKqHG8ErK...)
[00:06:15] *** 操盘方钱包卖出信号#594 *** AHprDYwvJR... 卖出$0.89 (tx=56x6gwC2b1Az...)
[00:06:15] *** 操盘方钱包卖出信号#595 *** 2uzvnzu7Uk... 卖出$0.84 (tx=4btsrk2igbxy...)
[00:06:15] *** 操盘方钱包卖出信号#596 *** 6wTd5VpwiM... 卖出$42.37 (tx=5Y4hP2W2Ba6t...)
[00:06:15] *** 操盘方钱包卖出信号#597 *** 8PYS8YU5XU... 卖出$0.13 (tx=ftgU9r8Hnd3m...)
[00:06:15] *** 操盘方钱包卖出信号#598 *** 9SBM5wqYVP... 卖出$39.35 (tx=39y5c7zo77JZ...)
[00:06:15] *** 操盘方钱包卖出信号#599 *** 74yRx7Gwr1... 卖出$0.78 (tx=KKagd3zVAxHo...)
[00:06:15] *** 操盘方钱包卖出信号#600 *** EQ2AvnerhS... 卖出$0.01 (tx=3sRiYaxMhGNU...)
[00:06:15] *** 操盘方钱包卖出信号#601 *** 8MqpdHkKdU... 卖出$56.53 (tx=3QfLDSy681LN...)
[00:06:15] *** 操盘方钱包卖出信号#602 *** Dso6QSwKYr... 卖出$0.84 (tx=2LsJJr54AXot...)
[00:06:15] *** 操盘方钱包卖出信号#603 *** 5uwh37EhTu... 卖出$0.85 (tx=2EBT9FURK8n1...)
[00:06:15] *** 操盘方钱包卖出信号#604 *** 8PYS8YU5XU... 卖出$59.86 (tx=5cAtGe7BXjZT...)
[00:06:15] *** 操盘方钱包卖出信号#605 *** AHprDYwvJR... 卖出$0.63 (tx=2fKG2YMCZHrm...)
[00:06:15] *** 操盘方钱包卖出信号#606 *** 2uzvnzu7Uk... 卖出$1.29 (tx=5pvmUU7gXE8q...)
[00:06:15] *** 操盘方钱包卖出信号#607 *** 6wTd5VpwiM... 卖出$53.62 (tx=29tY74Qg4zkL...)
[00:06:15] *** 操盘方钱包卖出信号#608 *** 74yRx7Gwr1... 卖出$1.06 (tx=4MVRWuWWbeV2...)
[00:06:15] *** 操盘方钱包卖出信号#609 *** 9SBM5wqYVP... 卖出$59.49 (tx=3FdgChBmUGVg...)
[00:06:15] *** 操盘方钱包卖出信号#610 *** EQ2AvnerhS... 卖出$1.40 (tx=56GUu5B71JWM...)
[00:06:15] *** 操盘方钱包卖出信号#611 *** 8MqpdHkKdU... 卖出$39.71 (tx=3RYmUjRGfvqQ...)
[00:06:15] *** 操盘方钱包卖出信号#612 *** Dso6QSwKYr... 卖出$0.41 (tx=3PQw29ib4BY3...)
[00:06:15] *** 操盘方钱包卖出信号#613 *** 5uwh37EhTu... 卖出$0.60 (tx=55exLiLppVao...)
[00:06:15] *** 操盘方钱包卖出信号#614 *** 8PYS8YU5XU... 卖出$0.55 (tx=24LJKv1eVo8M...)
[00:06:15] *** 操盘方钱包卖出信号#615 *** 2uzvnzu7Uk... 卖出$0.29 (tx=szRyNsKWfzbk...)
[00:06:15] *** 操盘方钱包卖出信号#616 *** AHprDYwvJR... 卖出$0.58 (tx=4P6knG2UVjWy...)
[00:06:15] *** 操盘方钱包卖出信号#617 *** 6wTd5VpwiM... 卖出$44.44 (tx=AbPrhnfHK5jQ...)
[00:06:15] *** 操盘方钱包卖出信号#618 *** 9SBM5wqYVP... 卖出$0.96 (tx=27Cm99khoQ8q...)
[00:06:15] *** 操盘方钱包卖出信号#619 *** 8MqpdHkKdU... 卖出$1.49 (tx=9GWNNCPdGMoN...)
[00:06:15] *** 操盘方钱包卖出信号#620 *** EQ2AvnerhS... 卖出$0.50 (tx=2tJg4hnQT2P5...)
[00:06:15] *** 操盘方钱包卖出信号#621 *** 74yRx7Gwr1... 卖出$0.90 (tx=dQQr7Dmi1Zh6...)
[00:06:15] *** 操盘方钱包卖出信号#622 *** 5uwh37EhTu... 卖出$41.16 (tx=3orZeEjpTRUH...)
[00:06:15] *** 操盘方钱包卖出信号#623 *** Dso6QSwKYr... 卖出$1.26 (tx=4A9MXDE1J7j3...)
[00:06:15] *** 操盘方钱包卖出信号#624 *** 8PYS8YU5XU... 卖出$0.85 (tx=3DmFJLXj9VWd...)
[00:06:15] *** 操盘方钱包卖出信号#625 *** 2uzvnzu7Uk... 卖出$1.05 (tx=3D5rEtm85Hdk...)
[00:06:15] *** 操盘方钱包卖出信号#626 *** 6wTd5VpwiM... 卖出$0.07 (tx=5np8S8qsxM9G...)
[00:06:15] *** 操盘方钱包卖出信号#627 *** AHprDYwvJR... 卖出$65.51 (tx=56wZNggtZxUp...)
[00:07:31] *** 操盘方钱包卖出信号#628 *** Dso6QSwKYr... 卖出$0.70 (tx=5p5oghc7kdjM...)
[00:07:31] *** 操盘方钱包卖出信号#629 *** 5uwh37EhTu... 卖出$0.80 (tx=tMpcUqevX7wx...)
[00:07:31] *** 操盘方钱包卖出信号#630 *** 8PYS8YU5XU... 卖出$1.02 (tx=5V32UyPVurpw...)
[00:07:31] *** 操盘方钱包卖出信号#631 *** 2uzvnzu7Uk... 卖出$0.32 (tx=4FpAJWinZhYZ...)
[00:07:31] *** 操盘方钱包卖出信号#632 *** AHprDYwvJR... 卖出$54.71 (tx=3iEbWEYAXUyu...)
[00:07:31] *** 操盘方钱包卖出信号#633 *** 6wTd5VpwiM... 卖出$0.37 (tx=W9c8ihHmmDFW...)
[00:07:31] *** 操盘方钱包卖出信号#634 *** 74yRx7Gwr1... 卖出$0.70 (tx=4nsVze2buixA...)
[00:07:31] *** 操盘方钱包卖出信号#635 *** EQ2AvnerhS... 卖出$0.24 (tx=5VfpiQu51epm...)
[00:07:31] *** 操盘方钱包卖出信号#636 *** 9SBM5wqYVP... 卖出$41.00 (tx=24v4GYxFCSUP...)
[00:07:31] *** 操盘方钱包卖出信号#637 *** 8MqpdHkKdU... 卖出$0.90 (tx=4FcMLqsCYS4o...)
[00:07:31] *** 操盘方钱包卖出信号#638 *** Dso6QSwKYr... 卖出$0.11 (tx=4tcf8qo61zJX...)
[00:07:31] *** 操盘方钱包卖出信号#639 *** 5uwh37EhTu... 卖出$1.28 (tx=4uyKeALhi7iZ...)
[00:07:31] *** 操盘方钱包卖出信号#640 *** 8PYS8YU5XU... 卖出$1.24 (tx=5s2GGZtcemce...)
[00:07:31] *** 操盘方钱包卖出信号#641 *** 2uzvnzu7Uk... 卖出$0.43 (tx=3hTRrbSpmGxs...)
[00:07:31] *** 操盘方钱包卖出信号#642 *** AHprDYwvJR... 卖出$1.20 (tx=293PgkLcfbut...)
[00:07:31] *** 操盘方钱包卖出信号#643 *** 6wTd5VpwiM... 卖出$0.60 (tx=2jrUPkm8SMGG...)
[00:07:31] *** 操盘方钱包卖出信号#644 *** 74yRx7Gwr1... 卖出$0.66 (tx=3mXwVgBhrzuh...)
[00:07:31] *** 操盘方钱包卖出信号#645 *** 9SBM5wqYVP... 卖出$54.42 (tx=aGhZpbbtGsd8...)
[00:07:31] *** 操盘方钱包卖出信号#646 *** EQ2AvnerhS... 卖出$0.69 (tx=4tKcVrYnFaUK...)
[00:07:31] *** 操盘方钱包卖出信号#647 *** 8MqpdHkKdU... 卖出$0.93 (tx=24Z5AJinKY1i...)
[00:07:31] *** 操盘方钱包卖出信号#648 *** Dso6QSwKYr... 卖出$0.72 (tx=45VUms22v6Cr...)
[00:07:31] *** 操盘方钱包卖出信号#649 *** 5uwh37EhTu... 卖出$0.10 (tx=4tK5uE3Mc3Mv...)
[00:07:31] *** 操盘方钱包卖出信号#650 *** 8PYS8YU5XU... 卖出$1.11 (tx=2oackhsfc5H8...)
[00:07:31] *** 操盘方钱包卖出信号#651 *** AHprDYwvJR... 卖出$1.12 (tx=hTwiZhW4WFhM...)
[00:07:31] *** 操盘方钱包卖出信号#652 *** 2uzvnzu7Uk... 卖出$1.10 (tx=3Gj1PKdozMVu...)
[00:07:31] *** 操盘方钱包卖出信号#653 *** 6wTd5VpwiM... 卖出$56.06 (tx=4WBUY7mPvy38...)
[00:07:31] *** 操盘方钱包卖出信号#654 *** 74yRx7Gwr1... 卖出$0.16 (tx=3unjiZodEuo6...)
[00:07:31] *** 操盘方钱包卖出信号#655 *** 9SBM5wqYVP... 卖出$59.80 (tx=4hY7QhavZkwj...)
[00:07:31] *** 操盘方钱包卖出信号#656 *** EQ2AvnerhS... 卖出$0.54 (tx=3RokpFTZsS2W...)
[00:07:31] *** 操盘方钱包卖出信号#657 *** 5uwh37EhTu... 卖出$1.45 (tx=SJhab37Cmrb8...)
[00:07:31] *** 操盘方钱包卖出信号#658 *** 8MqpdHkKdU... 卖出$0.63 (tx=4Bg97nbs8dz2...)
[00:07:31] *** 操盘方钱包卖出信号#659 *** Dso6QSwKYr... 卖出$0.92 (tx=9RGydX2TR14D...)
[00:07:31] *** 操盘方钱包卖出信号#660 *** EQ2AvnerhS... 卖出$1.46 (tx=5BS81M15FGHA...)
[00:07:31] *** 操盘方钱包卖出信号#661 *** Dso6QSwKYr... 卖出$0.72 (tx=3B3XV9BYueDL...)
[00:07:31] *** 操盘方钱包卖出信号#662 *** 8MqpdHkKdU... 卖出$65.94 (tx=4qYwBJZeiaUv...)
[00:08:02] *** 操盘方钱包卖出信号#663 *** 8PYS8YU5XU... 卖出$46.85 (tx=5jqPbgt9rc18...)
[00:08:02] *** 操盘方钱包卖出信号#664 *** AHprDYwvJR... 卖出$0.10 (tx=zdGyeKrkkgVz...)
[00:08:02] *** 操盘方钱包卖出信号#665 *** 2uzvnzu7Uk... 卖出$1.33 (tx=248WhEcVi5te...)
[00:08:02] *** 操盘方钱包卖出信号#666 *** 6wTd5VpwiM... 卖出$56.21 (tx=2BhdaZNhrMAG...)
[00:08:02] *** 操盘方钱包卖出信号#667 *** 74yRx7Gwr1... 卖出$0.41 (tx=Njo7enhUCHvp...)
[00:08:02] *** 操盘方钱包卖出信号#668 *** 9SBM5wqYVP... 卖出$0.67 (tx=2AZGsAcVEU78...)
[00:08:02] *** 操盘方钱包卖出信号#669 *** EQ2AvnerhS... 卖出$0.51 (tx=3gpzQRz1pK3K...)
[00:08:02] *** 操盘方钱包卖出信号#670 *** 8MqpdHkKdU... 卖出$1.30 (tx=3k93S9V5uHtT...)
[00:08:02] *** 操盘方钱包卖出信号#671 *** 5uwh37EhTu... 卖出$0.95 (tx=5rT9mxBXi8dH...)
[00:08:02] *** 操盘方钱包卖出信号#672 *** Dso6QSwKYr... 卖出$55.31 (tx=3EqcSGJ87Jxb...)
[00:08:02] *** 操盘方钱包卖出信号#673 *** 8PYS8YU5XU... 卖出$0.33 (tx=3onynSGUyYBA...)
[00:08:02] *** 操盘方钱包卖出信号#674 *** AHprDYwvJR... 卖出$0.18 (tx=4AfdeuwAJzZT...)
[00:08:02] *** 操盘方钱包卖出信号#675 *** 6wTd5VpwiM... 卖出$0.93 (tx=SsUjXqdTkjTE...)
[00:08:02] *** 操盘方钱包卖出信号#676 *** 2uzvnzu7Uk... 卖出$0.23 (tx=5tRugt5bh5cN...)
[00:08:02] *** 操盘方钱包卖出信号#677 *** 74yRx7Gwr1... 卖出$55.88 (tx=4y8LZHi9ysHy...)
[00:08:02] *** 操盘方钱包卖出信号#678 *** 9SBM5wqYVP... 卖出$1.08 (tx=4SDXgHdEFWuE...)
[00:08:02] *** 操盘方钱包卖出信号#679 *** EQ2AvnerhS... 卖出$1.38 (tx=46aCwMP8uDS6...)
[00:08:02] *** 操盘方钱包卖出信号#680 *** 5uwh37EhTu... 卖出$0.21 (tx=4wAypceY675w...)
[00:08:02] *** 操盘方钱包卖出信号#681 *** 8MqpdHkKdU... 卖出$0.28 (tx=UaqQmkhDuWbp...)
[00:08:02] *** 操盘方钱包卖出信号#682 *** Dso6QSwKYr... 卖出$44.16 (tx=4ETdX9FYTSUo...)
[00:08:02] *** 操盘方钱包卖出信号#683 *** 8PYS8YU5XU... 卖出$43.56 (tx=5d9vNx66WJjZ...)
[00:08:02] *** 操盘方钱包卖出信号#684 *** AHprDYwvJR... 卖出$51.19 (tx=5j61LPCXTvPv...)
[00:08:02] *** 操盘方钱包卖出信号#685 *** 2uzvnzu7Uk... 卖出$0.55 (tx=5bpCUXTU4vr1...)
[00:08:02] *** 操盘方钱包卖出信号#686 *** 6wTd5VpwiM... 卖出$0.32 (tx=59ANQFXjRXNg...)
[00:08:02] *** 操盘方钱包卖出信号#687 *** 74yRx7Gwr1... 卖出$1.36 (tx=4JDoNMeKrhzh...)
[00:08:02] *** 操盘方钱包卖出信号#688 *** 9SBM5wqYVP... 卖出$1.47 (tx=4N5o1kUjAahf...)
[00:08:02] *** 操盘方钱包卖出信号#689 *** EQ2AvnerhS... 卖出$49.62 (tx=3ctDWTybTC8n...)
[00:08:02] *** 操盘方钱包卖出信号#690 *** Dso6QSwKYr... 卖出$0.16 (tx=4wW7aVPW9yLN...)
[00:08:02] *** 操盘方钱包卖出信号#691 *** 8MqpdHkKdU... 卖出$0.19 (tx=nnQ84SfDDFVK...)
[00:08:02] *** 操盘方钱包卖出信号#692 *** 5uwh37EhTu... 卖出$0.93 (tx=3TqkuzMGgcX8...)
[00:08:02] *** 操盘方钱包卖出信号#693 *** 8PYS8YU5XU... 卖出$1.47 (tx=44Pb5uYfKHPK...)
[00:08:02] *** 操盘方钱包卖出信号#694 *** 2uzvnzu7Uk... 卖出$0.85 (tx=2xV3RSeRRCKJ...)
[00:08:02] *** 操盘方钱包卖出信号#695 *** AHprDYwvJR... 卖出$51.26 (tx=EQzkP3MeNXDG...)
[00:08:02] *** 操盘方钱包卖出信号#696 *** 6wTd5VpwiM... 卖出$1.01 (tx=2Ea4Xtbm4fGs...)
[00:08:02] *** 操盘方钱包卖出信号#697 *** 9SBM5wqYVP... 卖出$0.45 (tx=2jCGsoreP8Tw...)
[00:08:02] *** 操盘方钱包卖出信号#698 *** 74yRx7Gwr1... 卖出$41.76 (tx=Mrhg5bwSTvkh...)
[00:08:02] *** 操盘方钱包卖出信号#699 *** 8MqpdHkKdU... 卖出$0.92 (tx=4oHoqHEXbZJe...)
[00:08:02] *** 操盘方钱包卖出信号#700 *** Dso6QSwKYr... 卖出$46.02 (tx=2EVgbzvagMG2...)
[00:08:02] *** 操盘方钱包卖出信号#701 *** EQ2AvnerhS... 卖出$1.35 (tx=61Was3oAxGRq...)
[00:08:39] *** 操盘方钱包卖出信号#702 *** 5uwh37EhTu... 卖出$0.03 (tx=3JgZvUMAbbKG...)
[00:08:39] *** 操盘方钱包卖出信号#703 *** 8PYS8YU5XU... 卖出$0.55 (tx=3SesTSDjP4o9...)
[00:08:39] *** 操盘方钱包卖出信号#704 *** 2uzvnzu7Uk... 卖出$0.04 (tx=319Lc3HmYwPH...)
[00:08:39] *** 操盘方钱包卖出信号#705 *** AHprDYwvJR... 卖出$59.09 (tx=3uQ8uL98HkL2...)
[00:08:39] *** 操盘方钱包卖出信号#706 *** 6wTd5VpwiM... 卖出$0.31 (tx=3jcoaCPWpg1c...)
[00:08:39] *** 操盘方钱包卖出信号#707 *** 74yRx7Gwr1... 卖出$60.67 (tx=2JUxbPWKKMmb...)
[00:08:39] *** 操盘方钱包卖出信号#708 *** 9SBM5wqYVP... 卖出$0.99 (tx=5Y8E9hMpqnxP...)
[00:08:39] *** 操盘方钱包卖出信号#709 *** Dso6QSwKYr... 卖出$59.12 (tx=3RFrV5kvQ5SV...)
[00:08:39] *** 操盘方钱包卖出信号#710 *** 8MqpdHkKdU... 卖出$1.35 (tx=3poVRFisHWaB...)
[00:08:39] *** 操盘方钱包卖出信号#711 *** EQ2AvnerhS... 卖出$0.60 (tx=psjZjz2UBBPK...)
[00:08:39] *** 操盘方钱包卖出信号#712 *** 5uwh37EhTu... 卖出$1.03 (tx=4opoUbnmAEBK...)
[00:08:39] *** 操盘方钱包卖出信号#713 *** 8PYS8YU5XU... 卖出$1.21 (tx=BQpUNVxwHU9B...)
[00:08:39] *** 操盘方钱包卖出信号#714 *** 2uzvnzu7Uk... 卖出$1.23 (tx=mF5gViaxs9ph...)
[00:08:39] *** 操盘方钱包卖出信号#715 *** 6wTd5VpwiM... 卖出$0.66 (tx=25mTA3wPVapY...)
[00:08:39] *** 操盘方钱包卖出信号#716 *** AHprDYwvJR... 卖出$62.24 (tx=5XoBTRtDfELU...)
[00:08:39] *** 操盘方钱包卖出信号#717 *** 74yRx7Gwr1... 卖出$0.35 (tx=q1Ate6nPK4hN...)
[00:08:39] *** 操盘方钱包卖出信号#718 *** 9SBM5wqYVP... 卖出$0.29 (tx=4NsKG6CZyUcB...)
[00:08:39] *** 操盘方钱包卖出信号#719 *** EQ2AvnerhS... 卖出$45.88 (tx=5tTnrithiHcv...)
[00:08:39] *** 操盘方钱包卖出信号#720 *** 8MqpdHkKdU... 卖出$0.07 (tx=We4wiihh9r2y...)
[00:08:39] *** 操盘方钱包卖出信号#721 *** Dso6QSwKYr... 卖出$1.03 (tx=2SmmjjbR9eMS...)
[00:08:39] *** 操盘方钱包卖出信号#722 *** 5uwh37EhTu... 卖出$0.88 (tx=4tgVAiL6dAhh...)
[00:08:39] *** 操盘方钱包卖出信号#723 *** 8PYS8YU5XU... 卖出$0.52 (tx=5UBydXWe9f9k...)
[00:08:39] *** 操盘方钱包卖出信号#724 *** 2uzvnzu7Uk... 卖出$1.35 (tx=4F2LJMSsrPhc...)
[00:08:39] *** 操盘方钱包卖出信号#725 *** 6wTd5VpwiM... 卖出$1.01 (tx=2EzUZWgCdSB1...)
[00:08:39] *** 操盘方钱包卖出信号#726 *** AHprDYwvJR... 卖出$0.79 (tx=253A6xkEWnfp...)
[00:08:39] *** 操盘方钱包卖出信号#727 *** 74yRx7Gwr1... 卖出$0.89 (tx=2U8j22DRFFds...)
[00:08:39] *** 操盘方钱包卖出信号#728 *** 9SBM5wqYVP... 卖出$0.69 (tx=4Qeszyt6vrUp...)
[00:08:39] *** 操盘方钱包卖出信号#729 *** EQ2AvnerhS... 卖出$56.36 (tx=3FAYbpMHiyER...)
[00:08:39] *** 操盘方钱包卖出信号#730 *** 8MqpdHkKdU... 卖出$1.35 (tx=4spk6PZWNeYe...)
[00:08:39] *** 操盘方钱包卖出信号#731 *** Dso6QSwKYr... 卖出$1.47 (tx=4ZPxENTNrfrM...)
[00:08:39] *** 操盘方钱包卖出信号#732 *** 5uwh37EhTu... 卖出$0.96 (tx=3uzrVjDxLBaU...)
[00:09:19] *** 操盘方钱包卖出信号#733 *** 6wTd5VpwiM... 卖出$65.90 (tx=5pkqpNSibH8g...)
[00:09:19] *** 操盘方钱包卖出信号#734 *** 9SBM5wqYVP... 卖出$0.85 (tx=2YeqfePXQupZ...)
[00:09:19] *** 操盘方钱包卖出信号#735 *** 74yRx7Gwr1... 卖出$0.73 (tx=UyhwMuwUU7Uj...)
[00:09:19] *** 操盘方钱包卖出信号#736 *** EQ2AvnerhS... 卖出$0.97 (tx=3XzSbQPftD4d...)
[00:09:19] *** 操盘方钱包卖出信号#737 *** 8MqpdHkKdU... 卖出$56.20 (tx=51Q4mYej1gZp...)
[00:09:19] *** 操盘方钱包卖出信号#738 *** Dso6QSwKYr... 卖出$1.16 (tx=51hU7eTfdnoF...)
[00:09:19] *** 操盘方钱包卖出信号#739 *** 5uwh37EhTu... 卖出$0.74 (tx=2sEVUbwQwL82...)
[00:09:19] *** 操盘方钱包卖出信号#740 *** 8PYS8YU5XU... 卖出$0.43 (tx=4vFeKg9rFsSq...)
[00:09:19] *** 操盘方钱包卖出信号#741 *** 2uzvnzu7Uk... 卖出$1.23 (tx=vC8zT8c7kK4p...)
[00:09:19] *** 操盘方钱包卖出信号#742 *** AHprDYwvJR... 卖出$0.53 (tx=5rEz67XxtWwF...)
[00:09:19] *** 操盘方钱包卖出信号#743 *** 6wTd5VpwiM... 卖出$1.06 (tx=5aTTUeDKuiFA...)
[00:09:19] *** 操盘方钱包卖出信号#744 *** 74yRx7Gwr1... 卖出$1.23 (tx=67MVZTz2sTmH...)
[00:09:19] *** 操盘方钱包卖出信号#745 *** 8MqpdHkKdU... 卖出$67.02 (tx=4dPAs5wsbkh8...)
[00:09:19] *** 操盘方钱包卖出信号#746 *** EQ2AvnerhS... 卖出$1.22 (tx=27AionDkSAp8...)
[00:09:19] *** 操盘方钱包卖出信号#747 *** 5uwh37EhTu... 卖出$63.21 (tx=2Ku8Ev2YyBEt...)
[00:09:19] *** 操盘方钱包卖出信号#748 *** 9SBM5wqYVP... 卖出$44.83 (tx=49VGmDtYwTpF...)
[00:09:19] *** 操盘方钱包卖出信号#749 *** Dso6QSwKYr... 卖出$1.22 (tx=5xvFDTJkhzn4...)
[00:09:19] *** 操盘方钱包卖出信号#750 *** 8PYS8YU5XU... 卖出$1.38 (tx=Nu1fXaUVg3vm...)
[00:09:19] *** 操盘方钱包卖出信号#751 *** 6wTd5VpwiM... 卖出$1.40 (tx=5w78Vdp6vtYZ...)
[00:09:19] *** 操盘方钱包卖出信号#752 *** 2uzvnzu7Uk... 卖出$59.70 (tx=3hy127zmx7hC...)
[00:09:19] *** 操盘方钱包卖出信号#753 *** AHprDYwvJR... 卖出$0.11 (tx=5CCSAbupayDp...)
[00:09:19] *** 操盘方钱包卖出信号#754 *** 9SBM5wqYVP... 卖出$0.59 (tx=3D4dZYyugFCq...)
[00:09:19] *** 操盘方钱包卖出信号#755 *** 74yRx7Gwr1... 卖出$0.62 (tx=4vnBKxWxSmDd...)
[00:09:19] *** 操盘方钱包卖出信号#756 *** 8MqpdHkKdU... 卖出$40.15 (tx=3x6SKNdzF6WE...)
[00:09:19] *** 操盘方钱包卖出信号#757 *** EQ2AvnerhS... 卖出$0.05 (tx=7ATdJvjzsVo9...)
[00:09:19] *** 操盘方钱包卖出信号#758 *** Dso6QSwKYr... 卖出$1.38 (tx=KfftKBpv7VrA...)
[00:09:19] *** 操盘方钱包卖出信号#759 *** 5uwh37EhTu... 卖出$56.04 (tx=5agpqyiAjzMa...)
[00:09:19] *** 操盘方钱包卖出信号#760 *** 8PYS8YU5XU... 卖出$0.54 (tx=dj1QqZsR7JqW...)
[00:09:19] *** 操盘方钱包卖出信号#761 *** 2uzvnzu7Uk... 卖出$64.44 (tx=5Q1Y2MoZJKtv...)
[00:09:19] *** 操盘方钱包卖出信号#762 *** AHprDYwvJR... 卖出$0.69 (tx=44iUcEFYip1b...)
[00:09:19] *** 操盘方钱包卖出信号#763 *** 6wTd5VpwiM... 卖出$0.43 (tx=5fzG1sNpPcM9...)
[00:09:19] *** 操盘方钱包卖出信号#764 *** EQ2AvnerhS... 卖出$0.24 (tx=5KjbxRmdsRHr...)
[00:09:19] *** 操盘方钱包卖出信号#765 *** 8MqpdHkKdU... 卖出$63.14 (tx=5ABpqnickhvo...)
[00:09:19] *** 操盘方钱包卖出信号#766 *** 9SBM5wqYVP... 卖出$0.04 (tx=V6NNfYFZW2dM...)
[00:09:19] *** 操盘方钱包卖出信号#767 *** 74yRx7Gwr1... 卖出$1.29 (tx=3A7D98UxVjrz...)
[00:09:19] *** 操盘方钱包卖出信号#768 *** Dso6QSwKYr... 卖出$1.41 (tx=4CZgxtnASvZq...)
[00:09:19] *** 操盘方钱包卖出信号#769 *** 5uwh37EhTu... 卖出$56.40 (tx=21qHp9R7qKWj...)
[00:09:19] *** 操盘方钱包卖出信号#770 *** 8PYS8YU5XU... 卖出$64.40 (tx=55AHSoH1JZuS...)
[00:10:26] *** 操盘方钱包卖出信号#771 *** Dso6QSwKYr... 卖出$0.49 (tx=4LAdxURqDxHA...)
[00:10:26] *** 操盘方钱包卖出信号#772 *** 8MqpdHkKdU... 卖出$0.13 (tx=2P3U9AhRdMAF...)
[00:10:26] *** 操盘方钱包卖出信号#773 *** 8PYS8YU5XU... 卖出$1.13 (tx=4xdsPRN6HXYD...)
[00:10:26] *** 操盘方钱包卖出信号#774 *** 5uwh37EhTu... 卖出$1.31 (tx=4Y9YfbjFvaqx...)
[00:10:26] *** 操盘方钱包卖出信号#775 *** 2uzvnzu7Uk... 卖出$1.10 (tx=PBjHw6fKtiS1...)
[00:10:26] *** 操盘方钱包卖出信号#776 *** AHprDYwvJR... 卖出$0.67 (tx=5Xp7cSVG73gi...)
[00:10:26] *** 操盘方钱包卖出信号#777 *** 6wTd5VpwiM... 卖出$0.43 (tx=wsB1UujzU7vE...)
[00:10:26] *** 操盘方钱包卖出信号#778 *** 74yRx7Gwr1... 卖出$1.36 (tx=G994xUzbvhtH...)
[00:10:26] *** 操盘方钱包卖出信号#779 *** EQ2AvnerhS... 卖出$1.26 (tx=2yJAPZkcKSTy...)
[00:10:26] *** 操盘方钱包卖出信号#780 *** 9SBM5wqYVP... 卖出$61.52 (tx=25XbNzqvZHHE...)
[00:10:26] *** 操盘方钱包卖出信号#781 *** Dso6QSwKYr... 卖出$1.24 (tx=4sBD8FR25TrJ...)
[00:10:26] *** 操盘方钱包卖出信号#782 *** 8MqpdHkKdU... 卖出$57.57 (tx=3XDKGRDo4J1W...)
[00:10:26] *** 操盘方钱包卖出信号#783 *** 5uwh37EhTu... 卖出$1.43 (tx=3xP9vT4qE2kQ...)
[00:10:26] *** 操盘方钱包卖出信号#784 *** 8PYS8YU5XU... 卖出$1.02 (tx=5ZAJwu23nN4V...)
[00:10:26] *** 操盘方钱包卖出信号#785 *** AHprDYwvJR... 卖出$0.67 (tx=33ByKduHRJz1...)
[00:10:26] *** 操盘方钱包卖出信号#786 *** 2uzvnzu7Uk... 卖出$1.25 (tx=4jowPvyYj459...)
[00:10:26] *** 操盘方钱包卖出信号#787 *** 6wTd5VpwiM... 卖出$0.81 (tx=3S8kzgEzTnZn...)
[00:10:26] *** 操盘方钱包卖出信号#788 *** 74yRx7Gwr1... 卖出$1.40 (tx=4qnGPWKmXGcG...)
[00:10:26] *** 操盘方钱包卖出信号#789 *** EQ2AvnerhS... 卖出$0.30 (tx=3Q7LUw3jQfHB...)
[00:10:26] *** 操盘方钱包卖出信号#790 *** 8MqpdHkKdU... 卖出$49.99 (tx=5QwqgaeENLvw...)
[00:10:26] *** 操盘方钱包卖出信号#791 *** 5uwh37EhTu... 卖出$0.69 (tx=3d4MxhRsTTVR...)
[00:10:26] *** 操盘方钱包卖出信号#792 *** 8PYS8YU5XU... 卖出$62.24 (tx=Ga3HrFDxCn9g...)
[00:10:26] *** 操盘方钱包卖出信号#793 *** Dso6QSwKYr... 卖出$1.28 (tx=4grRhjGmNysf...)
[00:10:26] *** 操盘方钱包卖出信号#794 *** 6wTd5VpwiM... 卖出$0.70 (tx=2DqVazdutTAs...)
[00:10:26] *** 操盘方钱包卖出信号#795 *** AHprDYwvJR... 卖出$1.21 (tx=3SJSArcWjG3z...)
[00:10:26] *** 操盘方钱包卖出信号#796 *** 2uzvnzu7Uk... 卖出$55.58 (tx=3JumYTSm4Lzw...)
[00:10:26] *** 操盘方钱包卖出信号#797 *** 74yRx7Gwr1... 卖出$0.96 (tx=2M9d4qXxjVXk...)
[00:10:26] *** 操盘方钱包卖出信号#798 *** 9SBM5wqYVP... 卖出$0.79 (tx=4TTizLM4j3ns...)
[00:10:26] *** 操盘方钱包卖出信号#799 *** 8MqpdHkKdU... 卖出$59.17 (tx=2RENuA485sTC...)
[00:10:26] *** 操盘方钱包卖出信号#800 *** EQ2AvnerhS... 卖出$1.17 (tx=4p3kseDc4fq8...)
[00:10:26] *** 操盘方钱包卖出信号#801 *** 5uwh37EhTu... 卖出$56.11 (tx=28WKLqYRZafY...)
[00:10:26] *** 操盘方钱包卖出信号#802 *** Dso6QSwKYr... 卖出$1.15 (tx=34LDvQ5mcKUj...)
[00:10:26] *** 操盘方钱包卖出信号#803 *** AHprDYwvJR... 卖出$0.12 (tx=x9YrR4bhR5eT...)
[00:10:26] *** 操盘方钱包卖出信号#804 *** 6wTd5VpwiM... 卖出$0.28 (tx=3t8YVFHFsNPK...)
[00:10:26] *** 操盘方钱包卖出信号#805 *** 9SBM5wqYVP... 卖出$0.46 (tx=5RAJDFwBcAVd...)
[00:10:26] *** 操盘方钱包卖出信号#806 *** 74yRx7Gwr1... 卖出$56.26 (tx=2fTz48DCBSGV...)
[00:11:42] *** 操盘方钱包卖出信号#807 *** 74yRx7Gwr1... 卖出$0.64 (tx=GyP8Q7Pg3JHx...)
[00:11:42] *** 操盘方钱包卖出信号#808 *** 8MqpdHkKdU... 卖出$0.57 (tx=3s2ebCXko8Zp...)
[00:11:42] *** 操盘方钱包卖出信号#809 *** Dso6QSwKYr... 卖出$38.27 (tx=Bm3cKUwahnsM...)
[00:11:42] *** 操盘方钱包卖出信号#810 *** 5uwh37EhTu... 卖出$0.51 (tx=3SDnya5KbTdc...)
[00:11:42] *** 操盘方钱包卖出信号#811 *** 8PYS8YU5XU... 卖出$1.44 (tx=2eNnGxPPnQiu...)
[00:11:42] *** 操盘方钱包卖出信号#812 *** EQ2AvnerhS... 卖出$0.56 (tx=3NmbR9QTnVB2...)
[00:11:42] *** 操盘方钱包卖出信号#813 *** 9SBM5wqYVP... 卖出$0.56 (tx=3sjPDqQfU3Pu...)
[00:11:42] *** 操盘方钱包卖出信号#814 *** 2uzvnzu7Uk... 卖出$0.93 (tx=4FFbc1g5LDGF...)
[00:11:42] *** 操盘方钱包卖出信号#815 *** AHprDYwvJR... 卖出$44.23 (tx=2Psq2NYD9siB...)
[00:11:42] *** 操盘方钱包卖出信号#816 *** 6wTd5VpwiM... 卖出$1.31 (tx=5QyGBmCYn3Cd...)
[00:11:42] *** 操盘方钱包卖出信号#817 *** 74yRx7Gwr1... 卖出$62.16 (tx=21gExGT3cPLq...)
[00:11:42] *** 操盘方钱包卖出信号#818 *** 9SBM5wqYVP... 卖出$0.06 (tx=5JAhefM53XfF...)
[00:11:42] *** 操盘方钱包卖出信号#819 *** 8MqpdHkKdU... 卖出$0.13 (tx=4S7mKzEzB7yJ...)
[00:11:42] *** 操盘方钱包卖出信号#820 *** EQ2AvnerhS... 卖出$0.90 (tx=J78LzDeJ3cD6...)
[00:11:42] *** 操盘方钱包卖出信号#821 *** Dso6QSwKYr... 卖出$41.55 (tx=3mmTbbJt9wZz...)
[00:11:42] *** 操盘方钱包卖出信号#822 *** 5uwh37EhTu... 卖出$1.20 (tx=uCqWL4C6d2p8...)
[00:11:42] *** 操盘方钱包卖出信号#823 *** 8PYS8YU5XU... 卖出$1.49 (tx=4Qxx3wHFRYb5...)
[00:11:42] *** 操盘方钱包卖出信号#824 *** 2uzvnzu7Uk... 卖出$1.03 (tx=tNbt8QKkYwNs...)
[00:11:42] *** 操盘方钱包卖出信号#825 *** 6wTd5VpwiM... 卖出$0.43 (tx=5iZ4JVs24QQY...)
[00:11:42] *** 操盘方钱包卖出信号#826 *** AHprDYwvJR... 卖出$0.07 (tx=23W4H9qvzQCA...)
[00:11:42] *** 操盘方钱包卖出信号#827 *** 9SBM5wqYVP... 卖出$0.77 (tx=qU1sx181JQFV...)
[00:11:42] *** 操盘方钱包卖出信号#828 *** 74yRx7Gwr1... 卖出$1.02 (tx=4X46jYbTN1Zd...)
[00:11:42] *** 操盘方钱包卖出信号#829 *** EQ2AvnerhS... 卖出$1.25 (tx=5P3dMWU4F9od...)
[00:11:42] *** 操盘方钱包卖出信号#830 *** Dso6QSwKYr... 卖出$57.53 (tx=Cgkv8dfAKpzv...)
[00:11:42] *** 操盘方钱包卖出信号#831 *** 8MqpdHkKdU... 卖出$1.04 (tx=2b628M2QjxMj...)
[00:11:42] *** 操盘方钱包卖出信号#832 *** 5uwh37EhTu... 卖出$0.64 (tx=3jUcEBn66gQe...)
[00:11:42] *** 操盘方钱包卖出信号#833 *** 8PYS8YU5XU... 卖出$0.45 (tx=4PUZ8VADaA7S...)
[00:11:42] *** 操盘方钱包卖出信号#834 *** AHprDYwvJR... 卖出$0.89 (tx=27gudAZvBqaP...)
[00:11:42] *** 操盘方钱包卖出信号#835 *** 6wTd5VpwiM... 卖出$0.39 (tx=5BrzM5tP5evS...)
[00:11:42] *** 操盘方钱包卖出信号#836 *** 74yRx7Gwr1... 卖出$67.35 (tx=2aLtAkyVeFqw...)
[00:11:42] *** 操盘方钱包卖出信号#837 *** 9SBM5wqYVP... 卖出$0.59 (tx=25DrNZFWCUVM...)
[00:11:42] *** 操盘方钱包卖出信号#838 *** EQ2AvnerhS... 卖出$0.44 (tx=2PoKHkoem5nf...)
[00:11:42] *** 操盘方钱包卖出信号#839 *** Dso6QSwKYr... 卖出$40.51 (tx=5ZP6ge3qDMRY...)
[00:11:42] *** 操盘方钱包卖出信号#840 *** 8MqpdHkKdU... 卖出$1.01 (tx=EGxE59cTD7Ud...)
[00:11:42] *** 操盘方钱包卖出信号#841 *** 5uwh37EhTu... 卖出$1.24 (tx=49HinB8nCHT6...)
[00:12:19] *** 操盘方钱包卖出信号#842 *** 6wTd5VpwiM... 卖出$0.55 (tx=2TbHv5jqMSVL...)
[00:12:19] *** 操盘方钱包卖出信号#843 *** 74yRx7Gwr1... 卖出$0.28 (tx=45cWPyQykPSy...)
[00:12:19] *** 操盘方钱包卖出信号#844 *** 9SBM5wqYVP... 卖出$0.86 (tx=5p4WYB9hRENE...)
[00:12:19] *** 操盘方钱包卖出信号#845 *** EQ2AvnerhS... 卖出$43.15 (tx=2wddu4Mj7i2q...)
[00:12:19] *** 操盘方钱包卖出信号#846 *** 5uwh37EhTu... 卖出$0.17 (tx=51L3ynvTQvxk...)
[00:12:19] *** 操盘方钱包卖出信号#847 *** 8PYS8YU5XU... 卖出$0.26 (tx=4JfTzXrPYBcV...)
[00:12:19] *** 操盘方钱包卖出信号#848 *** AHprDYwvJR... 卖出$0.87 (tx=4ku2Yt8bgB5D...)
[00:12:19] *** 操盘方钱包卖出信号#849 *** 2uzvnzu7Uk... 卖出$0.42 (tx=2xB13CehAgpF...)
[00:12:19] *** 操盘方钱包卖出信号#850 *** 6wTd5VpwiM... 卖出$0.11 (tx=5Xb2gjRUrfph...)
[00:12:19] *** 操盘方钱包卖出信号#851 *** 74yRx7Gwr1... 卖出$0.16 (tx=2aQ8sHsynrWV...)
[00:12:19] *** 操盘方钱包卖出信号#852 *** EQ2AvnerhS... 卖出$1.05 (tx=ngDkyRkNobAe...)
[00:12:19] *** 操盘方钱包卖出信号#853 *** 9SBM5wqYVP... 卖出$40.80 (tx=4QShD3NWkWni...)
[00:12:19] *** 操盘方钱包卖出信号#854 *** 8MqpdHkKdU... 卖出$0.92 (tx=5HCSayzerBi6...)
[00:12:19] *** 操盘方钱包卖出信号#855 *** Dso6QSwKYr... 卖出$0.41 (tx=2XQq9WxDBsNR...)
[00:12:19] *** 操盘方钱包卖出信号#856 *** 5uwh37EhTu... 卖出$0.03 (tx=3DPZV9R52osx...)
[00:12:19] *** 操盘方钱包卖出信号#857 *** 8PYS8YU5XU... 卖出$1.45 (tx=5LhiqeZuXcR9...)
[00:12:19] *** 操盘方钱包卖出信号#858 *** 2uzvnzu7Uk... 卖出$0.46 (tx=4hfWpN9af6sz...)
[00:12:19] *** 操盘方钱包卖出信号#859 *** AHprDYwvJR... 卖出$0.54 (tx=4prf3uHiYZxy...)
[00:12:19] *** 操盘方钱包卖出信号#860 *** 6wTd5VpwiM... 卖出$67.11 (tx=5UGCAGoZTHWh...)
[00:12:19] *** 操盘方钱包卖出信号#861 *** EQ2AvnerhS... 卖出$0.80 (tx=2gkBGZE3WAds...)
[00:12:19] *** 操盘方钱包卖出信号#862 *** 9SBM5wqYVP... 卖出$65.61 (tx=3XZ5HNFNAgAv...)
[00:12:19] *** 操盘方钱包卖出信号#863 *** 8MqpdHkKdU... 卖出$0.10 (tx=2aJEKckeNoEt...)
[00:12:19] *** 操盘方钱包卖出信号#864 *** Dso6QSwKYr... 卖出$1.48 (tx=62eb7Y1SWEvU...)
[00:12:19] *** 操盘方钱包卖出信号#865 *** 2uzvnzu7Uk... 卖出$43.02 (tx=3tKbxRDCde6F...)
[00:12:19] *** 操盘方钱包卖出信号#866 *** AHprDYwvJR... 卖出$0.94 (tx=3LwbrCGWCa2g...)
[00:12:19] *** 操盘方钱包卖出信号#867 *** 8PYS8YU5XU... 卖出$0.84 (tx=4LbFw6YfD7S5...)
[00:12:19] *** 操盘方钱包卖出信号#868 *** 6wTd5VpwiM... 卖出$0.54 (tx=bFRMP57som26...)
[00:12:19] *** 操盘方钱包卖出信号#869 *** 74yRx7Gwr1... 卖出$0.75 (tx=37vYpMfZKj8E...)
[00:12:19] *** 操盘方钱包卖出信号#870 *** Dso6QSwKYr... 卖出$1.27 (tx=5P8fJ8kGdB4u...)
[00:12:19] *** 操盘方钱包卖出信号#871 *** EQ2AvnerhS... 卖出$54.45 (tx=5P8dpV41DLGQ...)
[00:12:19] *** 操盘方钱包卖出信号#872 *** 8MqpdHkKdU... 卖出$1.41 (tx=bgptcbfJU97k...)
[00:12:19] *** 操盘方钱包卖出信号#873 *** 8PYS8YU5XU... 卖出$0.22 (tx=3dAEpModq6ej...)
[00:12:19] *** 操盘方钱包卖出信号#874 *** AHprDYwvJR... 卖出$1.32 (tx=3ByEW7dTvBAp...)
[00:12:19] *** 操盘方钱包卖出信号#875 *** 2uzvnzu7Uk... 卖出$1.17 (tx=5jFUWRwhVWP5...)
[00:12:19] *** 操盘方钱包卖出信号#876 *** 6wTd5VpwiM... 卖出$56.49 (tx=4DuALjVU6aQ8...)
[00:13:26] *** 操盘方钱包卖出信号#877 *** 74yRx7Gwr1... 卖出$1.46 (tx=5jjTURU4tdXQ...)
[00:13:26] *** 操盘方钱包卖出信号#878 *** 9SBM5wqYVP... 卖出$1.47 (tx=3DdtyPpUXuag...)
[00:13:26] *** 操盘方钱包卖出信号#879 *** Dso6QSwKYr... 卖出$46.94 (tx=3tFevMzT3pcP...)
[00:13:26] *** 操盘方钱包卖出信号#880 *** 8MqpdHkKdU... 卖出$1.02 (tx=4g7tzzySqWJL...)
[00:13:26] *** 操盘方钱包卖出信号#881 *** EQ2AvnerhS... 卖出$1.08 (tx=3z4p7iZpttb8...)
[00:13:26] *** 操盘方钱包卖出信号#882 *** 5uwh37EhTu... 卖出$0.90 (tx=5T3Vvk2KKzSs...)
[00:13:26] *** 操盘方钱包卖出信号#883 *** 8PYS8YU5XU... 卖出$1.00 (tx=2jgw61Bwa8jn...)
[00:13:26] *** 操盘方钱包卖出信号#884 *** 2uzvnzu7Uk... 卖出$1.38 (tx=3mCaW8ibeP49...)
[00:13:26] *** 操盘方钱包卖出信号#885 *** AHprDYwvJR... 卖出$41.08 (tx=MMhgwqhMxEq1...)
[00:13:26] *** 操盘方钱包卖出信号#886 *** 6wTd5VpwiM... 卖出$0.30 (tx=4gnm8Nc58aN1...)
[00:13:26] *** 操盘方钱包卖出信号#887 *** 74yRx7Gwr1... 卖出$0.30 (tx=4U81Pcrp5Lpr...)
[00:13:26] *** 操盘方钱包卖出信号#888 *** 9SBM5wqYVP... 卖出$0.96 (tx=5bJKcqPpKxkS...)
[00:13:26] *** 操盘方钱包卖出信号#889 *** Dso6QSwKYr... 卖出$0.68 (tx=3cvopsKABmFS...)
[00:13:26] *** 操盘方钱包卖出信号#890 *** 8MqpdHkKdU... 卖出$0.23 (tx=4DAfsrbqb8ZQ...)
[00:13:26] *** 操盘方钱包卖出信号#891 *** EQ2AvnerhS... 卖出$48.28 (tx=Ef65Qrbxvpqd...)
[00:13:26] *** 操盘方钱包卖出信号#892 *** 5uwh37EhTu... 卖出$0.56 (tx=UAocvbTt2GGr...)
[00:13:26] *** 操盘方钱包卖出信号#893 *** 8PYS8YU5XU... 卖出$0.04 (tx=4iavEp1R1Frh...)
[00:13:26] *** 操盘方钱包卖出信号#894 *** AHprDYwvJR... 卖出$58.44 (tx=VTLr8SFAvHko...)
[00:13:26] *** 操盘方钱包卖出信号#895 *** 2uzvnzu7Uk... 卖出$1.16 (tx=5mp65dREHQdj...)
[00:13:26] *** 操盘方钱包卖出信号#896 *** 6wTd5VpwiM... 卖出$0.22 (tx=4LDNY4BfzA1Q...)
[00:13:26] *** 操盘方钱包卖出信号#897 *** 9SBM5wqYVP... 卖出$50.39 (tx=HYo5A9g97FtL...)
[00:13:26] *** 操盘方钱包卖出信号#898 *** 74yRx7Gwr1... 卖出$1.26 (tx=2rybKgg64zB7...)
[00:13:26] *** 操盘方钱包卖出信号#899 *** EQ2AvnerhS... 卖出$1.00 (tx=4M5nccBEVgjt...)
[00:13:26] *** 操盘方钱包卖出信号#900 *** 8MqpdHkKdU... 卖出$54.50 (tx=3qnyrR2AXWn9...)
[00:13:26] *** 操盘方钱包卖出信号#901 *** Dso6QSwKYr... 卖出$1.17 (tx=2LhZxYAatU7V...)
[00:13:26] *** 操盘方钱包卖出信号#902 *** 5uwh37EhTu... 卖出$46.56 (tx=3t3kuXXwBatP...)
[00:13:26] *** 操盘方钱包卖出信号#903 *** AHprDYwvJR... 卖出$0.87 (tx=3RoDvyHVQrrq...)
[00:13:26] *** 操盘方钱包卖出信号#904 *** 2uzvnzu7Uk... 卖出$1.10 (tx=5HhmvCEi5pGe...)
[00:13:26] *** 操盘方钱包卖出信号#905 *** 8PYS8YU5XU... 卖出$38.32 (tx=29TshsykYNuL...)
[00:13:26] *** 操盘方钱包卖出信号#906 *** 6wTd5VpwiM... 卖出$60.48 (tx=2WqDwgMiFDeb...)
[00:13:26] *** 操盘方钱包卖出信号#907 *** 74yRx7Gwr1... 卖出$0.91 (tx=3weFUkkijDc9...)
[00:13:26] *** 操盘方钱包卖出信号#908 *** 9SBM5wqYVP... 卖出$0.55 (tx=2SCJgMmfCHQG...)
[00:13:26] *** 操盘方钱包卖出信号#909 *** EQ2AvnerhS... 卖出$1.09 (tx=66vgTomfa583...)
[00:13:26] *** 操盘方钱包卖出信号#910 *** 5uwh37EhTu... 卖出$0.12 (tx=XQUyjg4JLavA...)
[00:13:26] *** 操盘方钱包卖出信号#911 *** 9SBM5wqYVP... 卖出$0.49 (tx=4X94r9nbdvpt...)
[00:13:26] *** 操盘方钱包卖出信号#912 *** 74yRx7Gwr1... 卖出$0.35 (tx=3tca33PRep6j...)
[00:14:03] *** 操盘方钱包卖出信号#913 *** 74yRx7Gwr1... 卖出$1.41 (tx=3cQmay2wd5Sh...)
[00:14:03] *** 操盘方钱包卖出信号#914 *** 8MqpdHkKdU... 卖出$1.04 (tx=5uqHVcj4RrsW...)
[00:14:03] *** 操盘方钱包卖出信号#915 *** EQ2AvnerhS... 卖出$0.96 (tx=2PYyT3dudMdg...)
[00:14:03] *** 操盘方钱包卖出信号#916 *** Dso6QSwKYr... 卖出$0.76 (tx=BrEjivsbYfet...)
[00:14:03] *** 操盘方钱包卖出信号#917 *** 5uwh37EhTu... 卖出$44.77 (tx=4hjKqjtdXeXL...)
[00:14:03] *** 操盘方钱包卖出信号#918 *** 8PYS8YU5XU... 卖出$49.55 (tx=3xDWZJygVug2...)
[00:14:03] *** 操盘方钱包卖出信号#919 *** 2uzvnzu7Uk... 卖出$0.91 (tx=5yrgnVGy1HnY...)
[00:14:03] *** 操盘方钱包卖出信号#920 *** AHprDYwvJR... 卖出$1.24 (tx=4jL39EFCzPYn...)
[00:14:03] *** 操盘方钱包卖出信号#921 *** 6wTd5VpwiM... 卖出$42.37 (tx=2Ff5LXWxyqjW...)
[00:14:03] *** 操盘方钱包卖出信号#922 *** 9SBM5wqYVP... 卖出$0.88 (tx=4nitYpeLkgGk...)
[00:14:03] *** 操盘方钱包卖出信号#923 *** 74yRx7Gwr1... 卖出$0.06 (tx=dpoJj66uUgDd...)
[00:14:03] *** 操盘方钱包卖出信号#924 *** EQ2AvnerhS... 卖出$0.14 (tx=3AENRsG46dTi...)
[00:14:03] *** 操盘方钱包卖出信号#925 *** 8MqpdHkKdU... 卖出$43.55 (tx=24rieDzYRyC3...)
[00:14:03] *** 操盘方钱包卖出信号#926 *** Dso6QSwKYr... 卖出$0.09 (tx=986Dr8P8SeNs...)
[00:14:03] *** 操盘方钱包卖出信号#927 *** 5uwh37EhTu... 卖出$0.55 (tx=5Gu7xs9yfXpJ...)
[00:14:03] *** 操盘方钱包卖出信号#928 *** 8PYS8YU5XU... 卖出$62.96 (tx=3iYZaTJLpt56...)
[00:14:03] *** 操盘方钱包卖出信号#929 *** 2uzvnzu7Uk... 卖出$45.15 (tx=2LLjfXWiqneU...)
[00:14:03] *** 操盘方钱包卖出信号#930 *** 6wTd5VpwiM... 卖出$0.65 (tx=5gK212AopHzX...)
[00:14:03] *** 操盘方钱包卖出信号#931 *** AHprDYwvJR... 卖出$0.52 (tx=3n3xh5xi2Z5z...)
[00:14:03] *** 操盘方钱包卖出信号#932 *** 9SBM5wqYVP... 卖出$0.52 (tx=2pK5kryTqDPA...)
[00:14:03] *** 操盘方钱包卖出信号#933 *** 74yRx7Gwr1... 卖出$0.51 (tx=ZNUmpWs8XxVW...)
[00:14:03] *** 操盘方钱包卖出信号#934 *** EQ2AvnerhS... 卖出$0.85 (tx=3heKb86YXvuT...)
[00:14:03] *** 操盘方钱包卖出信号#935 *** 8MqpdHkKdU... 卖出$1.49 (tx=6ctZUPJBHma5...)
[00:14:03] *** 操盘方钱包卖出信号#936 *** Dso6QSwKYr... 卖出$1.24 (tx=3VQzfgt19s1A...)
[00:14:03] *** 操盘方钱包卖出信号#937 *** 5uwh37EhTu... 卖出$48.00 (tx=3BYhHr3KsG2T...)
[00:14:03] *** 操盘方钱包卖出信号#938 *** 8PYS8YU5XU... 卖出$45.86 (tx=9TAtyxgnM8mE...)
[00:14:03] *** 操盘方钱包卖出信号#939 *** 2uzvnzu7Uk... 卖出$38.06 (tx=53hCtvpgSLwt...)
[00:14:03] *** 操盘方钱包卖出信号#940 *** 6wTd5VpwiM... 卖出$0.28 (tx=ZuUyXeg1AMkw...)
[00:14:03] *** 操盘方钱包卖出信号#941 *** AHprDYwvJR... 卖出$0.78 (tx=2PLV1AHNm9jh...)
[00:14:03] *** 操盘方钱包卖出信号#942 *** 9SBM5wqYVP... 卖出$0.71 (tx=5j9obhz83Ah2...)
[00:14:03] *** 操盘方钱包卖出信号#943 *** 74yRx7Gwr1... 卖出$0.33 (tx=3cMWTUS3vnVZ...)
[00:14:03] *** 操盘方钱包卖出信号#944 *** EQ2AvnerhS... 卖出$0.06 (tx=5KM3zkwr3SCJ...)
[00:14:03] *** 操盘方钱包卖出信号#945 *** 8MqpdHkKdU... 卖出$0.75 (tx=5CXfH31jsPT2...)
[00:14:03] *** 操盘方钱包卖出信号#946 *** 5uwh37EhTu... 卖出$0.94 (tx=3e8dNQ2Y9p9J...)
[00:14:03] *** 操盘方钱包卖出信号#947 *** Dso6QSwKYr... 卖出$61.68 (tx=4Fqj5awabVgz...)
[00:14:03] *** 操盘方钱包卖出信号#948 *** 2uzvnzu7Uk... 卖出$1.38 (tx=3nFitJ3aRZ8o...)
[00:14:03] *** 操盘方钱包卖出信号#949 *** AHprDYwvJR... 卖出$55.50 (tx=4HKsmrXM3ZKg...)
[00:14:43] *** 操盘方钱包卖出信号#950 *** 8MqpdHkKdU... 卖出$39.11 (tx=5XDEFh5B1HhW...)
[00:14:43] *** 操盘方钱包卖出信号#951 *** EQ2AvnerhS... 卖出$0.77 (tx=2oeiiJZ3wFXC...)
[00:14:43] *** 操盘方钱包卖出信号#952 *** 74yRx7Gwr1... 卖出$0.91 (tx=2hsgAdg468ya...)
[00:14:43] *** 操盘方钱包卖出信号#953 *** Dso6QSwKYr... 卖出$0.48 (tx=VduYeERFKNuA...)
[00:14:43] *** 操盘方钱包卖出信号#954 *** 5uwh37EhTu... 卖出$38.37 (tx=5WrxvGY5H41k...)
[00:14:43] *** 操盘方钱包卖出信号#955 *** 8PYS8YU5XU... 卖出$51.07 (tx=Gc4KChJNPjVn...)
[00:14:43] *** 操盘方钱包卖出信号#956 *** 2uzvnzu7Uk... 卖出$0.38 (tx=3arNv66o8oyJ...)
[00:14:43] *** 操盘方钱包卖出信号#957 *** AHprDYwvJR... 卖出$0.83 (tx=4jWidPdVWddX...)
[00:14:43] *** 操盘方钱包卖出信号#958 *** 6wTd5VpwiM... 卖出$66.61 (tx=3orjHWPjdLic...)
[00:14:43] *** 操盘方钱包卖出信号#959 *** 9SBM5wqYVP... 卖出$44.26 (tx=54mKYaKTEwo2...)
[00:14:43] *** 操盘方钱包卖出信号#960 *** 74yRx7Gwr1... 卖出$0.87 (tx=5ZVWC2HvtyPQ...)
[00:14:43] *** 操盘方钱包卖出信号#961 *** Dso6QSwKYr... 卖出$1.11 (tx=fpXftmWNFMg4...)
[00:14:43] *** 操盘方钱包卖出信号#962 *** 8MqpdHkKdU... 卖出$58.73 (tx=382UXZwAAoeT...)
[00:14:43] *** 操盘方钱包卖出信号#963 *** EQ2AvnerhS... 卖出$0.79 (tx=YrvxZySjgaAp...)
[00:14:43] *** 操盘方钱包卖出信号#964 *** 5uwh37EhTu... 卖出$0.06 (tx=4Fw7Wh8yb51V...)
[00:14:43] *** 操盘方钱包卖出信号#965 *** 8PYS8YU5XU... 卖出$60.80 (tx=3bEA1Fvd8nRg...)
[00:14:43] *** 操盘方钱包卖出信号#966 *** AHprDYwvJR... 卖出$1.21 (tx=3dYU1vY92Vj3...)
[00:14:43] *** 操盘方钱包卖出信号#967 *** 2uzvnzu7Uk... 卖出$0.15 (tx=3yApeJkpLfHu...)
[00:14:43] *** 操盘方钱包卖出信号#968 *** 6wTd5VpwiM... 卖出$61.59 (tx=5RSjtPb47E1x...)
[00:14:43] *** 操盘方钱包卖出信号#969 *** 9SBM5wqYVP... 卖出$0.80 (tx=58rCpAk7FwZv...)
[00:14:43] *** 操盘方钱包卖出信号#970 *** 74yRx7Gwr1... 卖出$1.43 (tx=2o8DJ5Tpvq36...)
[00:14:43] *** 操盘方钱包卖出信号#971 *** 8MqpdHkKdU... 卖出$0.12 (tx=22CZkDnwR3h3...)
[00:14:43] *** 操盘方钱包卖出信号#972 *** EQ2AvnerhS... 卖出$0.76 (tx=zHgcpPN3AG6T...)
[00:14:43] *** 操盘方钱包卖出信号#973 *** Dso6QSwKYr... 卖出$49.48 (tx=243SuCovoHm4...)
[00:14:43] *** 操盘方钱包卖出信号#974 *** 5uwh37EhTu... 卖出$0.65 (tx=3Fn7v7aDhbBa...)
[00:14:43] *** 操盘方钱包卖出信号#975 *** 8PYS8YU5XU... 卖出$0.08 (tx=57vs3fLvvSaq...)
[00:14:43] *** 操盘方钱包卖出信号#976 *** 2uzvnzu7Uk... 卖出$60.17 (tx=ZpfFkNkP4zvU...)
[00:14:43] *** 操盘方钱包卖出信号#977 *** AHprDYwvJR... 卖出$0.64 (tx=127d82i61M64...)
[00:14:43] *** 操盘方钱包卖出信号#978 *** 6wTd5VpwiM... 卖出$0.81 (tx=pS9UkLVBzHUC...)
[00:14:43] *** 操盘方钱包卖出信号#979 *** 9SBM5wqYVP... 卖出$0.25 (tx=5GvFq32EH4H3...)
[00:14:43] *** 操盘方钱包卖出信号#980 *** 74yRx7Gwr1... 卖出$0.08 (tx=2vK163Kkwj9E...)
[00:14:43] *** 操盘方钱包卖出信号#981 *** 8MqpdHkKdU... 卖出$0.35 (tx=2eiRuVFwXxq7...)
[00:14:43] *** 操盘方钱包卖出信号#982 *** EQ2AvnerhS... 卖出$0.04 (tx=66x19C68vrAa...)
[00:14:43] *** 操盘方钱包卖出信号#983 *** 5uwh37EhTu... 卖出$0.58 (tx=HNtvPXNBrWYa...)
[00:14:43] *** 操盘方钱包卖出信号#984 *** Dso6QSwKYr... 卖出$57.53 (tx=2DLgfPcbVo5Q...)
[00:14:43] *** 操盘方钱包卖出信号#985 *** 8PYS8YU5XU... 卖出$0.94 (tx=4c83LKsB26S2...)
[00:14:43] *** 操盘方钱包卖出信号#986 *** 2uzvnzu7Uk... 卖出$0.64 (tx=4JWvokY4bQaB...)
[00:15:49] *** 操盘方钱包卖出信号#987 *** AHprDYwvJR... 卖出$0.95 (tx=47i9Xf99Dd7R...)
[00:15:49] *** 操盘方钱包卖出信号#988 *** 2uzvnzu7Uk... 卖出$0.55 (tx=3qAr9ZJYpVAW...)
[00:15:49] *** 操盘方钱包卖出信号#989 *** 6wTd5VpwiM... 卖出$42.84 (tx=313U2uFwe63U...)
[00:15:49] *** 操盘方钱包卖出信号#990 *** 74yRx7Gwr1... 卖出$0.32 (tx=2NdVt1dAr9by...)
[00:15:49] *** 操盘方钱包卖出信号#991 *** 9SBM5wqYVP... 卖出$0.34 (tx=2jP4iymPuzCD...)
[00:15:49] *** 操盘方钱包卖出信号#992 *** 8MqpdHkKdU... 卖出$1.36 (tx=3qtUsUhQkHUJ...)
[00:15:49] *** 操盘方钱包卖出信号#993 *** EQ2AvnerhS... 卖出$0.29 (tx=i3UfSPhr7tSn...)
[00:15:49] *** 操盘方钱包卖出信号#994 *** Dso6QSwKYr... 卖出$64.35 (tx=5W7Rv9SJ7Ja3...)
[00:15:49] *** 操盘方钱包卖出信号#995 *** 5uwh37EhTu... 卖出$0.43 (tx=5BqRriQMWTq4...)
[00:15:49] *** 操盘方钱包卖出信号#996 *** 8PYS8YU5XU... 卖出$1.15 (tx=2YJm5qMTMmbw...)
[00:15:49] *** 操盘方钱包卖出信号#997 *** 6wTd5VpwiM... 卖出$0.14 (tx=5s5RXdg2UFnw...)
[00:15:49] *** 操盘方钱包卖出信号#998 *** 2uzvnzu7Uk... 卖出$1.27 (tx=5P2sQCDfy33L...)
[00:15:49] *** 操盘方钱包卖出信号#999 *** AHprDYwvJR... 卖出$62.78 (tx=2H5bJ1pB7MsX...)
[00:15:49] *** 操盘方钱包卖出信号#1000 *** 74yRx7Gwr1... 卖出$46.90 (tx=rnyar6La1cao...)
[00:15:49] *** 操盘方钱包卖出信号#1001 *** 9SBM5wqYVP... 卖出$1.14 (tx=4CWqzhr8q38f...)
[00:15:49] *** 操盘方钱包卖出信号#1002 *** Dso6QSwKYr... 卖出$44.56 (tx=1di7jgZzHe4G...)
[00:15:49] *** 操盘方钱包卖出信号#1003 *** 8MqpdHkKdU... 卖出$1.30 (tx=2UpuUuGfHovD...)
[00:15:49] *** 操盘方钱包卖出信号#1004 *** EQ2AvnerhS... 卖出$0.13 (tx=5XTSD4ibnu7T...)
[00:15:49] *** 操盘方钱包卖出信号#1005 *** 5uwh37EhTu... 卖出$1.02 (tx=5meth6ieH7vA...)
[00:15:49] *** 操盘方钱包卖出信号#1006 *** 8PYS8YU5XU... 卖出$1.05 (tx=3yHm1YJngVHB...)
[00:15:49] *** 操盘方钱包卖出信号#1007 *** AHprDYwvJR... 卖出$47.18 (tx=5rvaPApEx1Mi...)
[00:15:49] *** 操盘方钱包卖出信号#1008 *** 6wTd5VpwiM... 卖出$0.54 (tx=3u5RcEt9qtte...)
[00:15:49] *** 操盘方钱包卖出信号#1009 *** 2uzvnzu7Uk... 卖出$1.33 (tx=44RtiqpPTNpY...)
[00:15:49] *** 操盘方钱包卖出信号#1010 *** 74yRx7Gwr1... 卖出$44.65 (tx=5jujvbHanKUp...)
[00:15:49] *** 操盘方钱包卖出信号#1011 *** 9SBM5wqYVP... 卖出$1.22 (tx=72dtzMCEnBFu...)
[00:15:49] *** 操盘方钱包卖出信号#1012 *** 8MqpdHkKdU... 卖出$1.46 (tx=23z2pQ536M9Y...)
[00:15:49] *** 操盘方钱包卖出信号#1013 *** Dso6QSwKYr... 卖出$0.61 (tx=4RiGfadHeBAs...)
[00:15:49] *** 操盘方钱包卖出信号#1014 *** EQ2AvnerhS... 卖出$42.93 (tx=3dAkDFgJEQrw...)
[00:15:49] *** 操盘方钱包卖出信号#1015 *** 5uwh37EhTu... 卖出$1.32 (tx=ZFSWdESRhCQ5...)
[00:15:49] *** 操盘方钱包卖出信号#1016 *** 8PYS8YU5XU... 卖出$0.31 (tx=5jvzbs9mZ7V7...)
[00:15:49] *** 操盘方钱包卖出信号#1017 *** 2uzvnzu7Uk... 卖出$0.51 (tx=64BQzjPdkUmN...)
[00:15:49] *** 操盘方钱包卖出信号#1018 *** 6wTd5VpwiM... 卖出$0.79 (tx=596mpwFHR6xg...)
[00:15:49] *** 操盘方钱包卖出信号#1019 *** 74yRx7Gwr1... 卖出$65.44 (tx=39PTc3gZS2jS...)
[00:15:49] *** 操盘方钱包卖出信号#1020 *** EQ2AvnerhS... 卖出$66.41 (tx=37RRwufGVgkU...)
[00:15:49] *** 操盘方钱包卖出信号#1021 *** 9SBM5wqYVP... 卖出$0.28 (tx=4XFhTY1a4VJh...)
[00:15:49] *** 操盘方钱包卖出信号#1022 *** Dso6QSwKYr... 卖出$0.69 (tx=5L6448NFhSQ7...)
[00:15:49] *** 操盘方钱包卖出信号#1023 *** 8MqpdHkKdU... 卖出$0.40 (tx=4zXSwgW9gAwP...)
[00:15:49] *** 操盘方钱包卖出信号#1024 *** 5uwh37EhTu... 卖出$1.32 (tx=wkx1oULcyWSw...)
[00:16:15] *** 操盘方钱包卖出信号#1025 *** 6wTd5VpwiM... 卖出$1.12 (tx=3T2tAFJgZLeG...)
[00:16:15] *** 操盘方钱包卖出信号#1026 *** 8PYS8YU5XU... 卖出$0.55 (tx=5ZuUm2YoUjZC...)
[00:16:15] *** 操盘方钱包卖出信号#1027 *** AHprDYwvJR... 卖出$0.99 (tx=4B4voP9FAQFC...)
[00:16:15] *** 操盘方钱包卖出信号#1028 *** 2uzvnzu7Uk... 卖出$0.55 (tx=4YA7BTteGAXT...)
[00:16:15] *** 操盘方钱包卖出信号#1029 *** 9SBM5wqYVP... 卖出$54.53 (tx=2NYMmPrfqRoQ...)
[00:16:15] *** 操盘方钱包卖出信号#1030 *** 74yRx7Gwr1... 卖出$0.55 (tx=3j6f2xWWmdkM...)
[00:16:15] *** 操盘方钱包卖出信号#1031 *** 8MqpdHkKdU... 卖出$0.38 (tx=4LqgbBrRsMdR...)
[00:16:15] *** 操盘方钱包卖出信号#1032 *** EQ2AvnerhS... 卖出$0.61 (tx=5CvrdpZazy3Q...)
[00:16:15] *** 操盘方钱包卖出信号#1033 *** Dso6QSwKYr... 卖出$0.41 (tx=5tY1NnFXTKYH...)
[00:16:15] *** 操盘方钱包卖出信号#1034 *** 5uwh37EhTu... 卖出$1.18 (tx=3qNhYJ3eRZng...)
[00:16:15] *** 操盘方钱包卖出信号#1035 *** 8PYS8YU5XU... 卖出$63.64 (tx=3AQc4gWwGbQd...)
[00:16:15] *** 操盘方钱包卖出信号#1036 *** 2uzvnzu7Uk... 卖出$0.32 (tx=3DJUuvhXAaj9...)
[00:16:15] *** 操盘方钱包卖出信号#1037 *** 6wTd5VpwiM... 卖出$51.89 (tx=2mJKDQGFtUXX...)
[00:16:15] *** 操盘方钱包卖出信号#1038 *** AHprDYwvJR... 卖出$0.34 (tx=4ZDaPauDCBWy...)
[00:16:15] *** 操盘方钱包卖出信号#1039 *** 9SBM5wqYVP... 卖出$57.87 (tx=4SZuTyR41NHQ...)
[00:16:15] *** 操盘方钱包卖出信号#1040 *** 74yRx7Gwr1... 卖出$0.03 (tx=4wYzsVzq3rff...)
[00:16:15] *** 操盘方钱包卖出信号#1041 *** EQ2AvnerhS... 卖出$0.16 (tx=TRB87sjipVkW...)
[00:16:15] *** 操盘方钱包卖出信号#1042 *** Dso6QSwKYr... 卖出$0.14 (tx=5YEeL6PPqgcJ...)
[00:16:15] *** 操盘方钱包卖出信号#1043 *** 8MqpdHkKdU... 卖出$56.67 (tx=2kHXteQpYFgt...)
[00:16:15] *** 操盘方钱包卖出信号#1044 *** 5uwh37EhTu... 卖出$55.76 (tx=5XNns4admK7V...)
[00:16:15] *** 操盘方钱包卖出信号#1045 *** 8PYS8YU5XU... 卖出$63.41 (tx=5uoXcv4zoYXh...)
[00:16:15] *** 操盘方钱包卖出信号#1046 *** 2uzvnzu7Uk... 卖出$55.94 (tx=2zEj91oN8Kh2...)
[00:16:15] *** 操盘方钱包卖出信号#1047 *** AHprDYwvJR... 卖出$0.64 (tx=2ytis95xB114...)
[00:16:15] *** 操盘方钱包卖出信号#1048 *** 6wTd5VpwiM... 卖出$0.44 (tx=3kqKvyKLKvrZ...)
[00:16:15] *** 操盘方钱包卖出信号#1049 *** 74yRx7Gwr1... 卖出$0.44 (tx=57QQPyjmN9fs...)
[00:16:15] *** 操盘方钱包卖出信号#1050 *** 9SBM5wqYVP... 卖出$0.61 (tx=3PdhhJ17RrWv...)
[00:16:15] *** 操盘方钱包卖出信号#1051 *** 8MqpdHkKdU... 卖出$0.87 (tx=519PHYJefy1r...)
[00:16:15] *** 操盘方钱包卖出信号#1052 *** EQ2AvnerhS... 卖出$0.84 (tx=3kUxqC8f2zPM...)
[00:16:15] *** 操盘方钱包卖出信号#1053 *** Dso6QSwKYr... 卖出$1.24 (tx=4FDSzg5ogugM...)
[00:16:15] *** 操盘方钱包卖出信号#1054 *** 5uwh37EhTu... 卖出$62.83 (tx=mRvJ18sUBtVh...)
[00:16:15] *** 操盘方钱包卖出信号#1055 *** 8PYS8YU5XU... 卖出$60.45 (tx=2VM8Dyr227vr...)
[00:16:15] *** 操盘方钱包卖出信号#1056 *** AHprDYwvJR... 卖出$0.49 (tx=c2mVpAw6aFmy...)
[00:16:15] *** 操盘方钱包卖出信号#1057 *** 2uzvnzu7Uk... 卖出$57.06 (tx=2BeHZEbXn1sd...)
[00:16:15] *** 操盘方钱包卖出信号#1058 *** 6wTd5VpwiM... 卖出$0.63 (tx=X7CRfb2ZbWj7...)
[00:16:15] *** 操盘方钱包卖出信号#1059 *** 9SBM5wqYVP... 卖出$1.28 (tx=29z8AUfLyGR9...)
[00:16:15] *** 操盘方钱包卖出信号#1060 *** 74yRx7Gwr1... 卖出$1.25 (tx=4yRcJZffGB4b...)
[00:16:15] *** 操盘方钱包卖出信号#1061 *** EQ2AvnerhS... 卖出$0.79 (tx=41ruijownW4t...)
[00:16:54] *** 操盘方钱包卖出信号#1062 *** 5uwh37EhTu... 卖出$1.47 (tx=2mPCa6SeynBY...)
[00:16:54] *** 操盘方钱包卖出信号#1063 *** 8PYS8YU5XU... 卖出$1.28 (tx=2veomsGRqcCa...)
[00:16:54] *** 操盘方钱包卖出信号#1064 *** 2uzvnzu7Uk... 卖出$0.41 (tx=2aTmVe2F9FWp...)
[00:16:54] *** 操盘方钱包卖出信号#1065 *** 6wTd5VpwiM... 卖出$1.47 (tx=SstrCpQSthZc...)
[00:16:54] *** 操盘方钱包卖出信号#1066 *** AHprDYwvJR... 卖出$41.92 (tx=5wGHLVEd29sS...)
[00:16:54] *** 操盘方钱包卖出信号#1067 *** 74yRx7Gwr1... 卖出$0.47 (tx=5oucq13mnj3t...)
[00:16:54] *** 操盘方钱包卖出信号#1068 *** EQ2AvnerhS... 卖出$1.17 (tx=2jt5NwjYLUEs...)
[00:16:54] *** 操盘方钱包卖出信号#1069 *** 9SBM5wqYVP... 卖出$44.61 (tx=5ih3BpFZbV6S...)
[00:16:54] *** 操盘方钱包卖出信号#1070 *** Dso6QSwKYr... 卖出$0.95 (tx=3fkP6xWWME1y...)
[00:16:54] *** 操盘方钱包卖出信号#1071 *** 8MqpdHkKdU... 卖出$0.34 (tx=3yqLLTNEE8uF...)
[00:16:54] *** 操盘方钱包卖出信号#1072 *** 5uwh37EhTu... 卖出$1.45 (tx=2VpV3ZfxK7dp...)
[00:16:54] *** 操盘方钱包卖出信号#1073 *** 8PYS8YU5XU... 卖出$56.17 (tx=d2DhbtA4JXmY...)
[00:16:54] *** 操盘方钱包卖出信号#1074 *** 2uzvnzu7Uk... 卖出$0.09 (tx=2qnbELV8qHKY...)
[00:16:54] *** 操盘方钱包卖出信号#1075 *** 6wTd5VpwiM... 卖出$56.19 (tx=2AdMS9qX64me...)
[00:16:54] *** 操盘方钱包卖出信号#1076 *** AHprDYwvJR... 卖出$0.19 (tx=5iLR6LtuPEvN...)
[00:16:54] *** 操盘方钱包卖出信号#1077 *** 74yRx7Gwr1... 卖出$0.22 (tx=2MRRwJWFyHvQ...)
[00:16:54] *** 操盘方钱包卖出信号#1078 *** EQ2AvnerhS... 卖出$1.14 (tx=L6zVVv7RQG4Y...)
[00:16:54] *** 操盘方钱包卖出信号#1079 *** 9SBM5wqYVP... 卖出$47.60 (tx=4ewQSV6vTwNU...)
[00:16:54] *** 操盘方钱包卖出信号#1080 *** Dso6QSwKYr... 卖出$0.95 (tx=2Kj3deygo5yT...)
[00:16:54] *** 操盘方钱包卖出信号#1081 *** 8MqpdHkKdU... 卖出$53.29 (tx=t3dHGRapwnhw...)
[00:16:54] *** 操盘方钱包卖出信号#1082 *** 5uwh37EhTu... 卖出$0.10 (tx=2nBK9dBvJmd2...)
[00:16:54] *** 操盘方钱包卖出信号#1083 *** 8PYS8YU5XU... 卖出$63.62 (tx=4P5DJcrNLnwn...)
[00:16:54] *** 操盘方钱包卖出信号#1084 *** AHprDYwvJR... 卖出$1.17 (tx=5ksvPM7krGBZ...)
[00:16:54] *** 操盘方钱包卖出信号#1085 *** 2uzvnzu7Uk... 卖出$1.26 (tx=4HTW3LeRpHdj...)
[00:16:54] *** 操盘方钱包卖出信号#1086 *** 6wTd5VpwiM... 卖出$49.37 (tx=3W7a9p9e9uYt...)
[00:16:54] *** 操盘方钱包卖出信号#1087 *** 74yRx7Gwr1... 卖出$0.63 (tx=3e7WgkiMom3F...)
[00:16:54] *** 操盘方钱包卖出信号#1088 *** 9SBM5wqYVP... 卖出$0.74 (tx=tBjCYPENf6ch...)
[00:16:54] *** 操盘方钱包卖出信号#1089 *** 8MqpdHkKdU... 卖出$47.04 (tx=3YdqqNE6u4HV...)
[00:16:54] *** 操盘方钱包卖出信号#1090 *** EQ2AvnerhS... 卖出$0.72 (tx=5uvEExEKmvtU...)
[00:16:54] *** 操盘方钱包卖出信号#1091 *** Dso6QSwKYr... 卖出$0.64 (tx=58FJWydDxyyo...)
[00:16:54] *** 操盘方钱包卖出信号#1092 *** 5uwh37EhTu... 卖出$0.22 (tx=5aBBz2q42cJP...)
[00:16:54] *** 操盘方钱包卖出信号#1093 *** 8PYS8YU5XU... 卖出$60.80 (tx=42K39Pf7CJjQ...)
[00:16:54] *** 操盘方钱包卖出信号#1094 *** AHprDYwvJR... 卖出$1.17 (tx=4iuDZi8KUUP5...)
[00:16:54] *** 操盘方钱包卖出信号#1095 *** 2uzvnzu7Uk... 卖出$59.88 (tx=4euZ349TVqci...)
[00:16:54] *** 操盘方钱包卖出信号#1096 *** 8MqpdHkKdU... 卖出$1.40 (tx=5FnK1CJj6vGS...)
[00:16:54] *** 操盘方钱包卖出信号#1097 *** EQ2AvnerhS... 卖出$0.31 (tx=NbUEmW3HcThg...)
[00:18:02] *** 操盘方钱包卖出信号#1098 *** 8PYS8YU5XU... 卖出$1.44 (tx=35BT9C96Eo1P...)
[00:18:02] *** 操盘方钱包卖出信号#1099 *** 9SBM5wqYVP... 卖出$65.77 (tx=2dCVNy1WxWcn...)
[00:18:02] *** 操盘方钱包卖出信号#1100 *** 2uzvnzu7Uk... 卖出$0.02 (tx=36DyjErFuLr3...)
[00:18:02] *** 操盘方钱包卖出信号#1101 *** EQ2AvnerhS... 卖出$0.76 (tx=21Pnx4au24Rv...)
[00:18:02] *** 操盘方钱包卖出信号#1102 *** AHprDYwvJR... 卖出$45.50 (tx=VvmimXU6vtwD...)
[00:18:02] *** 操盘方钱包卖出信号#1103 *** Dso6QSwKYr... 卖出$0.34 (tx=5tgGm8fSWKZf...)
[00:18:02] *** 操盘方钱包卖出信号#1104 *** 8MqpdHkKdU... 卖出$0.29 (tx=5HobS5VSXLjB...)
[00:18:02] *** 操盘方钱包卖出信号#1105 *** 5uwh37EhTu... 卖出$0.58 (tx=uuHyfEJbdU4S...)
[00:18:02] *** 操盘方钱包卖出信号#1106 *** 8PYS8YU5XU... 卖出$0.44 (tx=47gZFChHNzNP...)
[00:18:02] *** 操盘方钱包卖出信号#1107 *** 2uzvnzu7Uk... 卖出$0.83 (tx=57W3tkkQvqv7...)
[00:18:02] *** 操盘方钱包卖出信号#1108 *** AHprDYwvJR... 卖出$0.45 (tx=tbDVxvNyEYjj...)
[00:18:02] *** 操盘方钱包卖出信号#1109 *** 6wTd5VpwiM... 卖出$0.52 (tx=tnZKyUKreCa3...)
[00:18:02] *** 操盘方钱包卖出信号#1110 *** 9SBM5wqYVP... 卖出$63.24 (tx=3zJY6dSkVgaR...)
[00:18:02] *** 操盘方钱包卖出信号#1111 *** 74yRx7Gwr1... 卖出$1.10 (tx=3cpxb2MCggE2...)
[00:18:02] *** 操盘方钱包卖出信号#1112 *** EQ2AvnerhS... 卖出$0.04 (tx=2UiJnRQ6hDK4...)
[00:18:02] *** 操盘方钱包卖出信号#1113 *** Dso6QSwKYr... 卖出$1.47 (tx=4UU2TiVjKdsd...)
[00:18:02] *** 操盘方钱包卖出信号#1114 *** 8MqpdHkKdU... 卖出$0.34 (tx=4PY67tUPjbK2...)
[00:18:02] *** 操盘方钱包卖出信号#1115 *** 5uwh37EhTu... 卖出$1.11 (tx=4VN7hT2qtcn8...)
[00:18:02] *** 操盘方钱包卖出信号#1116 *** 8PYS8YU5XU... 卖出$0.04 (tx=VZiauHKvgbjR...)
[00:18:02] *** 操盘方钱包卖出信号#1117 *** 6wTd5VpwiM... 卖出$0.34 (tx=3nbPcQm4WsL7...)
[00:18:02] *** 操盘方钱包卖出信号#1118 *** 2uzvnzu7Uk... 卖出$0.95 (tx=kKt1mJipWQis...)
[00:18:02] *** 操盘方钱包卖出信号#1119 *** AHprDYwvJR... 卖出$37.97 (tx=317sPSWkgibg...)
[00:18:02] *** 操盘方钱包卖出信号#1120 *** 74yRx7Gwr1... 卖出$62.02 (tx=2FwvZN8KsPMo...)
[00:18:02] *** 操盘方钱包卖出信号#1121 *** 9SBM5wqYVP... 卖出$1.33 (tx=3agFZyD6sxXv...)
[00:18:02] *** 操盘方钱包卖出信号#1122 *** 8MqpdHkKdU... 卖出$0.14 (tx=3rwq77Q7cp1E...)
[00:18:02] *** 操盘方钱包卖出信号#1123 *** EQ2AvnerhS... 卖出$1.06 (tx=oNDdgdupjHRQ...)
[00:18:02] *** 操盘方钱包卖出信号#1124 *** Dso6QSwKYr... 卖出$65.19 (tx=3ToyhbbNgAFB...)
[00:18:02] *** 操盘方钱包卖出信号#1125 *** 5uwh37EhTu... 卖出$0.01 (tx=4iJr3Y7DJwqp...)
[00:18:02] *** 操盘方钱包卖出信号#1126 *** 8PYS8YU5XU... 卖出$0.96 (tx=5WGS8Y7AoWYc...)
[00:18:02] *** 操盘方钱包卖出信号#1127 *** 2uzvnzu7Uk... 卖出$1.11 (tx=3tac1EXZL7eR...)
[00:18:02] *** 操盘方钱包卖出信号#1128 *** AHprDYwvJR... 卖出$46.28 (tx=5L6CTnJ3tDyA...)
[00:18:02] *** 操盘方钱包卖出信号#1129 *** 6wTd5VpwiM... 卖出$0.22 (tx=4ao7pVHQvFLG...)
[00:18:02] *** 操盘方钱包卖出信号#1130 *** 74yRx7Gwr1... 卖出$47.55 (tx=5H3avjGshnGo...)
[00:18:02] *** 操盘方钱包卖出信号#1131 *** 9SBM5wqYVP... 卖出$0.43 (tx=4cCvqKuYPeL1...)
[00:18:02] *** 操盘方钱包卖出信号#1132 *** EQ2AvnerhS... 卖出$0.57 (tx=3v4Ngwq8rQcu...)
[00:18:02] *** 操盘方钱包卖出信号#1133 *** Dso6QSwKYr... 卖出$46.80 (tx=5JeLo9CeXvu7...)
[00:18:02] *** 操盘方钱包卖出信号#1134 *** 8MqpdHkKdU... 卖出$0.28 (tx=NXbXFyxd5FRK...)
[00:18:39] *** 操盘方钱包卖出信号#1135 *** 74yRx7Gwr1... 卖出$0.67 (tx=3XPEmK4t6u4J...)
[00:18:39] *** 操盘方钱包卖出信号#1136 *** 5uwh37EhTu... 卖出$1.35 (tx=vXrvbzgYZNiH...)
[00:18:39] *** 操盘方钱包卖出信号#1137 *** 8PYS8YU5XU... 卖出$1.44 (tx=iwZdE9HVAMdF...)
[00:18:39] *** 操盘方钱包卖出信号#1138 *** 2uzvnzu7Uk... 卖出$0.37 (tx=3c9yRQe9AU8F...)
[00:18:39] *** 操盘方钱包卖出信号#1139 *** 74yRx7Gwr1... 卖出$1.43 (tx=5s5mdfAu6oCZ...)
[00:18:39] *** 操盘方钱包卖出信号#1140 *** 9SBM5wqYVP... 卖出$45.74 (tx=2QLDYwfGr4hr...)
[00:18:39] *** 操盘方钱包卖出信号#1141 *** AHprDYwvJR... 卖出$0.26 (tx=5Ap15gCnTE1f...)
[00:18:39] *** 操盘方钱包卖出信号#1142 *** 6wTd5VpwiM... 卖出$0.98 (tx=4HwU9Cxttn4c...)
[00:18:39] *** 操盘方钱包卖出信号#1143 *** EQ2AvnerhS... 卖出$0.44 (tx=3qdb655Fwoqv...)
[00:18:39] *** 操盘方钱包卖出信号#1144 *** Dso6QSwKYr... 卖出$0.68 (tx=4nwiMwU6sYJH...)
[00:18:39] *** 操盘方钱包卖出信号#1145 *** 8MqpdHkKdU... 卖出$1.35 (tx=3xS9qnv7pfoZ...)
[00:18:39] *** 操盘方钱包卖出信号#1146 *** 5uwh37EhTu... 卖出$0.49 (tx=35RDDuYgwrpM...)
[00:18:39] *** 操盘方钱包卖出信号#1147 *** 8PYS8YU5XU... 卖出$0.88 (tx=4JuqoWKGTJ3s...)
[00:18:39] *** 操盘方钱包卖出信号#1148 *** 2uzvnzu7Uk... 卖出$0.67 (tx=2ERywpKbiDEM...)
[00:18:39] *** 操盘方钱包卖出信号#1149 *** AHprDYwvJR... 卖出$0.39 (tx=2QxfTySxEMz3...)
[00:18:39] *** 操盘方钱包卖出信号#1150 *** 6wTd5VpwiM... 卖出$1.08 (tx=5yC8TpprFrdT...)
[00:18:39] *** 操盘方钱包卖出信号#1151 *** 74yRx7Gwr1... 卖出$1.26 (tx=4VM2XGzy8oWK...)
[00:18:39] *** 操盘方钱包卖出信号#1152 *** 9SBM5wqYVP... 卖出$47.98 (tx=sxrUCJ4FHfsX...)
[00:18:39] *** 操盘方钱包卖出信号#1153 *** EQ2AvnerhS... 卖出$1.25 (tx=4ubkf8SKR4sM...)
[00:18:39] *** 操盘方钱包卖出信号#1154 *** Dso6QSwKYr... 卖出$1.11 (tx=4CwXUgJshy88...)
[00:18:39] *** 操盘方钱包卖出信号#1155 *** 8MqpdHkKdU... 卖出$0.90 (tx=r16tWSnnXW53...)
[00:18:39] *** 操盘方钱包卖出信号#1156 *** 5uwh37EhTu... 卖出$0.71 (tx=3ah7RAWT6STD...)
[00:18:39] *** 操盘方钱包卖出信号#1157 *** 6wTd5VpwiM... 卖出$0.58 (tx=vZThPefQ4eTM...)
[00:18:39] *** 操盘方钱包卖出信号#1158 *** 8PYS8YU5XU... 卖出$45.16 (tx=3dqCehHqA34M...)
[00:18:39] *** 操盘方钱包卖出信号#1159 *** 2uzvnzu7Uk... 卖出$55.07 (tx=4rvvTr7LLuP1...)
[00:18:39] *** 操盘方钱包卖出信号#1160 *** 6wTd5VpwiM... 卖出$0.26 (tx=57rzpSSMoWQR...)
[00:18:39] *** 操盘方钱包卖出信号#1161 *** AHprDYwvJR... 卖出$1.31 (tx=4c8uvkWBoBQq...)
[00:18:39] *** 操盘方钱包卖出信号#1162 *** 9SBM5wqYVP... 卖出$0.51 (tx=5ZLu6AqdmPMC...)
[00:18:39] *** 操盘方钱包卖出信号#1163 *** 74yRx7Gwr1... 卖出$0.13 (tx=21S1nrsNBXC2...)
[00:18:39] *** 操盘方钱包卖出信号#1164 *** EQ2AvnerhS... 卖出$0.40 (tx=axYZdd1nHJmj...)
[00:18:39] *** 操盘方钱包卖出信号#1165 *** 8MqpdHkKdU... 卖出$1.14 (tx=5qDsVZRrX41w...)
[00:18:39] *** 操盘方钱包卖出信号#1166 *** Dso6QSwKYr... 卖出$0.46 (tx=5ucdJoMA2Lo2...)
[00:18:39] *** 操盘方钱包卖出信号#1167 *** 8PYS8YU5XU... 卖出$0.59 (tx=ci7pVdDMxxsG...)
[00:18:39] *** 操盘方钱包卖出信号#1168 *** AHprDYwvJR... 卖出$42.00 (tx=5CRGKyLnQEqH...)
[00:19:55] *** 操盘方钱包卖出信号#1169 *** 6wTd5VpwiM... 卖出$1.26 (tx=4opqALr59Ku2...)
[00:19:55] *** 操盘方钱包卖出信号#1170 *** 74yRx7Gwr1... 卖出$0.66 (tx=2pjtYNFzYzNK...)
[00:19:55] *** 操盘方钱包卖出信号#1171 *** 9SBM5wqYVP... 卖出$0.22 (tx=5yRQfbh7R6jc...)
[00:19:55] *** 操盘方钱包卖出信号#1172 *** EQ2AvnerhS... 卖出$59.78 (tx=88fUqzZDPYu6...)
[00:19:55] *** 操盘方钱包卖出信号#1173 *** 5uwh37EhTu... 卖出$0.31 (tx=3LeJLvzoZJ2Q...)
[00:19:55] *** 操盘方钱包卖出信号#1174 *** 8MqpdHkKdU... 卖出$0.63 (tx=43gXiFf7zLXR...)
[00:19:55] *** 操盘方钱包卖出信号#1175 *** Dso6QSwKYr... 卖出$1.26 (tx=9ouWGjXraiuv...)
[00:19:55] *** 操盘方钱包卖出信号#1176 *** 8PYS8YU5XU... 卖出$0.70 (tx=3J4VKj8gbdkp...)
[00:19:55] *** 操盘方钱包卖出信号#1177 *** AHprDYwvJR... 卖出$1.34 (tx=3M47YuiLAqUT...)
[00:19:55] *** 操盘方钱包卖出信号#1178 *** 2uzvnzu7Uk... 卖出$0.61 (tx=3nTQMPU6CLK1...)
[00:19:55] *** 操盘方钱包卖出信号#1179 *** 6wTd5VpwiM... 卖出$48.71 (tx=44SC8UPTZsX6...)
[00:19:55] *** 操盘方钱包卖出信号#1180 *** 9SBM5wqYVP... 卖出$44.45 (tx=55KYHsbTY4FC...)
[00:19:55] *** 操盘方钱包卖出信号#1181 *** 74yRx7Gwr1... 卖出$0.31 (tx=2LnczSabghsJ...)
[00:19:55] *** 操盘方钱包卖出信号#1182 *** EQ2AvnerhS... 卖出$0.37 (tx=3dmV4adNwjaX...)
[00:19:55] *** 操盘方钱包卖出信号#1183 *** Dso6QSwKYr... 卖出$1.16 (tx=2kLHqcPbEDox...)
[00:19:55] *** 操盘方钱包卖出信号#1184 *** 8MqpdHkKdU... 卖出$0.40 (tx=5LZF3AZQk8zc...)
[00:19:55] *** 操盘方钱包卖出信号#1185 *** 5uwh37EhTu... 卖出$0.97 (tx=5z2qqxevGbXS...)
[00:19:55] *** 操盘方钱包卖出信号#1186 *** 8PYS8YU5XU... 卖出$66.71 (tx=29JezHxyU4NH...)
[00:19:55] *** 操盘方钱包卖出信号#1187 *** 6wTd5VpwiM... 卖出$44.14 (tx=55jUeMqP9CRK...)
[00:19:55] *** 操盘方钱包卖出信号#1188 *** AHprDYwvJR... 卖出$1.48 (tx=4dc1U6os5Btg...)
[00:19:55] *** 操盘方钱包卖出信号#1189 *** 2uzvnzu7Uk... 卖出$0.82 (tx=2f3A2qALvvLz...)
[00:19:55] *** 操盘方钱包卖出信号#1190 *** 74yRx7Gwr1... 卖出$0.53 (tx=5SNHSx9YtMMY...)
[00:19:55] *** 操盘方钱包卖出信号#1191 *** 9SBM5wqYVP... 卖出$0.07 (tx=AxfLs9BXmQBd...)
[00:19:55] *** 操盘方钱包卖出信号#1192 *** 8MqpdHkKdU... 卖出$43.40 (tx=H8CTrJ2bQtEy...)
[00:19:55] *** 操盘方钱包卖出信号#1193 *** EQ2AvnerhS... 卖出$0.28 (tx=5117NBYmgs7f...)
[00:19:55] *** 操盘方钱包卖出信号#1194 *** Dso6QSwKYr... 卖出$0.82 (tx=3ePnHakQZC66...)
[00:19:55] *** 操盘方钱包卖出信号#1195 *** 5uwh37EhTu... 卖出$65.82 (tx=3ZPsrAEsCGtx...)
[00:19:55] *** 操盘方钱包卖出信号#1196 *** 8PYS8YU5XU... 卖出$67.77 (tx=2f3jrtncjJTW...)
[00:19:55] *** 操盘方钱包卖出信号#1197 *** 2uzvnzu7Uk... 卖出$1.45 (tx=49cwKSBGi6oa...)
[00:19:55] *** 操盘方钱包卖出信号#1198 *** 6wTd5VpwiM... 卖出$60.23 (tx=8fBAFsk3t2XS...)
[00:19:55] *** 操盘方钱包卖出信号#1199 *** AHprDYwvJR... 卖出$1.14 (tx=4gdjLPqB4TTT...)
[00:19:55] *** 操盘方钱包卖出信号#1200 *** 9SBM5wqYVP... 卖出$0.16 (tx=UiWu35GbdD57...)
[00:19:55] *** 操盘方钱包卖出信号#1201 *** 74yRx7Gwr1... 卖出$1.40 (tx=35yF3vuy6GQT...)
[00:19:55] *** 操盘方钱包卖出信号#1202 *** EQ2AvnerhS... 卖出$1.35 (tx=2UHo4UJRhf3S...)
[00:19:55] *** 操盘方钱包卖出信号#1203 *** 8MqpdHkKdU... 卖出$50.95 (tx=5KEt76tV6Usq...)
[00:19:55] *** 操盘方钱包卖出信号#1204 *** Dso6QSwKYr... 卖出$1.26 (tx=2gCWoB4H5Mvn...)
[00:19:55] *** 操盘方钱包卖出信号#1205 *** 8PYS8YU5XU... 卖出$43.04 (tx=4Nafub8XKZhS...)
[00:20:26] *** 操盘方钱包卖出信号#1206 *** 74yRx7Gwr1... 卖出$0.21 (tx=5irRiwzdVyue...)
[00:20:26] *** 操盘方钱包卖出信号#1207 *** EQ2AvnerhS... 卖出$1.09 (tx=NhiemzemWwZp...)
[00:20:26] *** 操盘方钱包卖出信号#1208 *** 9SBM5wqYVP... 卖出$1.05 (tx=5WGgwvF7mf4B...)
[00:20:26] *** 操盘方钱包卖出信号#1209 *** 8MqpdHkKdU... 卖出$63.62 (tx=3PSniApuAjpF...)
[00:20:26] *** 操盘方钱包卖出信号#1210 *** Dso6QSwKYr... 卖出$0.08 (tx=3o2fDAonmbe5...)
[00:20:26] *** 操盘方钱包卖出信号#1211 *** 5uwh37EhTu... 卖出$0.32 (tx=3Du5f5PQPNqT...)
[00:20:26] *** 操盘方钱包卖出信号#1212 *** 8PYS8YU5XU... 卖出$0.55 (tx=bQydHmkHkLax...)
[00:20:26] *** 操盘方钱包卖出信号#1213 *** AHprDYwvJR... 卖出$0.46 (tx=2tEd9R3JCjyo...)
[00:20:26] *** 操盘方钱包卖出信号#1214 *** 2uzvnzu7Uk... 卖出$0.53 (tx=AMSNRmw3Aw3s...)
[00:20:26] *** 操盘方钱包卖出信号#1215 *** 6wTd5VpwiM... 卖出$37.74 (tx=4bDtj3Yj7sN8...)
[00:20:26] *** 操盘方钱包卖出信号#1216 *** 74yRx7Gwr1... 卖出$0.29 (tx=4NnAnnsC8GS9...)
[00:20:26] *** 操盘方钱包卖出信号#1217 *** 8MqpdHkKdU... 卖出$0.62 (tx=r6dU1H2fV7d9...)
[00:20:26] *** 操盘方钱包卖出信号#1218 *** 9SBM5wqYVP... 卖出$45.08 (tx=5BQ7CCzrQCPW...)
[00:20:26] *** 操盘方钱包卖出信号#1219 *** Dso6QSwKYr... 卖出$0.49 (tx=4Y4sj8db7e8W...)
[00:20:26] *** 操盘方钱包卖出信号#1220 *** EQ2AvnerhS... 卖出$0.61 (tx=3YKUdsqv7Z6Q...)
[00:20:26] *** 操盘方钱包卖出信号#1221 *** 5uwh37EhTu... 卖出$0.23 (tx=5mWpxWzMbdzY...)
[00:20:26] *** 操盘方钱包卖出信号#1222 *** 8PYS8YU5XU... 卖出$55.30 (tx=2FKCM2H6KZpf...)
[00:20:26] *** 操盘方钱包卖出信号#1223 *** AHprDYwvJR... 卖出$1.06 (tx=3iZGKHVE7ucq...)
[00:20:26] *** 操盘方钱包卖出信号#1224 *** 2uzvnzu7Uk... 卖出$48.88 (tx=21ssHV2rU2VF...)
[00:20:26] *** 操盘方钱包卖出信号#1225 *** 6wTd5VpwiM... 卖出$0.67 (tx=3UZBrwG6sDdP...)
[00:20:26] *** 操盘方钱包卖出信号#1226 *** 74yRx7Gwr1... 卖出$1.43 (tx=5UTRFkZWpAbX...)
[00:20:26] *** 操盘方钱包卖出信号#1227 *** 9SBM5wqYVP... 卖出$1.17 (tx=2SoGM4TdHRfY...)
[00:20:26] *** 操盘方钱包卖出信号#1228 *** 8MqpdHkKdU... 卖出$0.94 (tx=33RDwYEnYJr3...)
[00:20:26] *** 操盘方钱包卖出信号#1229 *** 5uwh37EhTu... 卖出$0.71 (tx=qCaLLsF1U8UA...)
[00:20:26] *** 操盘方钱包卖出信号#1230 *** EQ2AvnerhS... 卖出$1.09 (tx=2ugunhmFB1XZ...)
[00:20:26] *** 操盘方钱包卖出信号#1231 *** Dso6QSwKYr... 卖出$41.57 (tx=3PLYLQ5oa1iu...)
[00:20:26] *** 操盘方钱包卖出信号#1232 *** 8PYS8YU5XU... 卖出$1.38 (tx=2rGNoesrq4GX...)
[00:20:26] *** 操盘方钱包卖出信号#1233 *** 2uzvnzu7Uk... 卖出$66.74 (tx=2vjYqDU2yTYP...)
[00:20:26] *** 操盘方钱包卖出信号#1234 *** 6wTd5VpwiM... 卖出$0.29 (tx=5EFSj3hL8UHY...)
[00:20:26] *** 操盘方钱包卖出信号#1235 *** AHprDYwvJR... 卖出$0.60 (tx=VgHbUS85gddM...)
[00:20:26] *** 操盘方钱包卖出信号#1236 *** 74yRx7Gwr1... 卖出$40.79 (tx=28RTChfQ1CbZ...)
[00:20:26] *** 操盘方钱包卖出信号#1237 *** 8MqpdHkKdU... 卖出$0.72 (tx=63oR2mMJUudm...)
[00:20:26] *** 操盘方钱包卖出信号#1238 *** EQ2AvnerhS... 卖出$44.02 (tx=2WWg7GCu3bjx...)
[00:20:26] *** 操盘方钱包卖出信号#1239 *** 5uwh37EhTu... 卖出$0.63 (tx=2e954oaiZByg...)
[00:21:02] *** 操盘方钱包卖出信号#1240 *** 9SBM5wqYVP... 卖出$59.62 (tx=4bd47jx8euhJ...)
[00:21:02] *** 操盘方钱包卖出信号#1241 *** 74yRx7Gwr1... 卖出$0.55 (tx=5WY4WQLi6EgR...)
[00:21:02] *** 操盘方钱包卖出信号#1242 *** 8MqpdHkKdU... 卖出$1.20 (tx=3ka4vehE2Sjw...)
[00:21:02] *** 操盘方钱包卖出信号#1243 *** Dso6QSwKYr... 卖出$0.57 (tx=3ia72KL2v2HN...)
[00:21:02] *** 操盘方钱包卖出信号#1244 *** 5uwh37EhTu... 卖出$1.46 (tx=cJamJUJuTqkv...)
[00:21:02] *** 操盘方钱包卖出信号#1245 *** 6wTd5VpwiM... 卖出$50.46 (tx=4kL5W3r1amse...)
[00:21:02] *** 操盘方钱包卖出信号#1246 *** 74yRx7Gwr1... 卖出$0.72 (tx=35QhQ5x9TRAy...)
[00:21:02] *** 操盘方钱包卖出信号#1247 *** 9SBM5wqYVP... 卖出$0.34 (tx=2pSYshQi21Da...)
[00:21:02] *** 操盘方钱包卖出信号#1248 *** EQ2AvnerhS... 卖出$1.23 (tx=4hgGJNEF1x3g...)
[00:21:02] *** 操盘方钱包卖出信号#1249 *** 8MqpdHkKdU... 卖出$40.22 (tx=2HZGd7sRjhcB...)
[00:21:02] *** 操盘方钱包卖出信号#1250 *** 5uwh37EhTu... 卖出$56.43 (tx=25qxLHsgbWYD...)
[00:21:02] *** 操盘方钱包卖出信号#1251 *** Dso6QSwKYr... 卖出$0.77 (tx=3o65G3pUd5Ys...)
[00:21:02] *** 操盘方钱包卖出信号#1252 *** 8PYS8YU5XU... 卖出$0.22 (tx=363p7f1WPhBJ...)
[00:21:02] *** 操盘方钱包卖出信号#1253 *** 2uzvnzu7Uk... 卖出$0.03 (tx=4YcqELszWiJe...)
[00:21:02] *** 操盘方钱包卖出信号#1254 *** 6wTd5VpwiM... 卖出$1.23 (tx=33rJK2HMSYQy...)
[00:21:02] *** 操盘方钱包卖出信号#1255 *** AHprDYwvJR... 卖出$0.15 (tx=4zwrjMSvBW3z...)
[00:21:02] *** 操盘方钱包卖出信号#1256 *** 74yRx7Gwr1... 卖出$1.14 (tx=3SaNEkg7CDny...)
[00:21:02] *** 操盘方钱包卖出信号#1257 *** 9SBM5wqYVP... 卖出$0.12 (tx=2ioiDtBbkR4s...)
[00:21:02] *** 操盘方钱包卖出信号#1258 *** 8MqpdHkKdU... 卖出$0.28 (tx=2298XEZyZHmp...)
[00:21:02] *** 操盘方钱包卖出信号#1259 *** EQ2AvnerhS... 卖出$1.17 (tx=CfjeWc7pi2Mp...)
[00:21:02] *** 操盘方钱包卖出信号#1260 *** Dso6QSwKYr... 卖出$0.08 (tx=4HgUPEdG2KKj...)
[00:21:02] *** 操盘方钱包卖出信号#1261 *** 5uwh37EhTu... 卖出$56.04 (tx=56hvHx6HBhRh...)
[00:21:02] *** 操盘方钱包卖出信号#1262 *** 8PYS8YU5XU... 卖出$1.46 (tx=4fmk41Nvbp3n...)
[00:21:02] *** 操盘方钱包卖出信号#1263 *** 2uzvnzu7Uk... 卖出$49.41 (tx=dhB1UcQhGwcA...)
[00:21:02] *** 操盘方钱包卖出信号#1264 *** AHprDYwvJR... 卖出$1.47 (tx=2m764JoYm1Vc...)
[00:21:02] *** 操盘方钱包卖出信号#1265 *** 6wTd5VpwiM... 卖出$0.27 (tx=3XQ6X5uLoYWq...)
[00:21:02] *** 操盘方钱包卖出信号#1266 *** 74yRx7Gwr1... 卖出$0.79 (tx=5VYp9egBW2n3...)
[00:21:02] *** 操盘方钱包卖出信号#1267 *** 9SBM5wqYVP... 卖出$0.91 (tx=2gNCuahoUwfb...)
[00:21:02] *** 操盘方钱包卖出信号#1268 *** EQ2AvnerhS... 卖出$0.31 (tx=46zRU1X4Kkv8...)
[00:21:02] *** 操盘方钱包卖出信号#1269 *** 8MqpdHkKdU... 卖出$0.13 (tx=5Ci3gCVDgqWy...)
[00:21:02] *** 操盘方钱包卖出信号#1270 *** 5uwh37EhTu... 卖出$64.46 (tx=5ULqnf5jWXM2...)
[00:21:02] *** 操盘方钱包卖出信号#1271 *** Dso6QSwKYr... 卖出$0.63 (tx=23uC3rzVusJz...)
[00:21:02] *** 操盘方钱包卖出信号#1272 *** 8PYS8YU5XU... 卖出$0.81 (tx=2aPHx8Sh1QbH...)
[00:21:02] *** 操盘方钱包卖出信号#1273 *** 6wTd5VpwiM... 卖出$0.15 (tx=2cbV7GC94pJq...)
[00:21:02] *** 操盘方钱包卖出信号#1274 *** AHprDYwvJR... 卖出$0.88 (tx=3y37cQajy1t9...)
[00:22:15] *** 操盘方钱包卖出信号#1275 *** 5uwh37EhTu... 卖出$1.24 (tx=4uNYZ3TBynU2...)
[00:22:15] *** 操盘方钱包卖出信号#1276 *** Dso6QSwKYr... 卖出$0.66 (tx=5WJhjLG2Hj3e...)
[00:22:15] *** 操盘方钱包卖出信号#1277 *** 8PYS8YU5XU... 卖出$0.88 (tx=p5r9dRMHBkrd...)
[00:22:15] *** 操盘方钱包卖出信号#1278 *** 2uzvnzu7Uk... 卖出$1.37 (tx=5DXst6jd8pL9...)
[00:22:15] *** 操盘方钱包卖出信号#1279 *** AHprDYwvJR... 卖出$0.69 (tx=5HfzMd7pQgf6...)
[00:22:15] *** 操盘方钱包卖出信号#1280 *** 6wTd5VpwiM... 卖出$0.25 (tx=5TCXomnWr4Ag...)
[00:22:15] *** 操盘方钱包卖出信号#1281 *** 74yRx7Gwr1... 卖出$1.11 (tx=4rrgNveJS9xG...)
[00:22:15] *** 操盘方钱包卖出信号#1282 *** 8MqpdHkKdU... 卖出$1.21 (tx=5JWR7mB9QXCX...)
[00:22:15] *** 操盘方钱包卖出信号#1283 *** Dso6QSwKYr... 卖出$0.41 (tx=3bkwHcjv1gXz...)
[00:22:15] *** 操盘方钱包卖出信号#1284 *** 9SBM5wqYVP... 卖出$0.61 (tx=52NweuDzR8sL...)
[00:22:15] *** 操盘方钱包卖出信号#1285 *** EQ2AvnerhS... 卖出$59.56 (tx=5PdQcG2mxzKu...)
[00:22:15] *** 操盘方钱包卖出信号#1286 *** 5uwh37EhTu... 卖出$0.20 (tx=529w6u8cJEuy...)
[00:22:15] *** 操盘方钱包卖出信号#1287 *** 8PYS8YU5XU... 卖出$52.81 (tx=5Q6YmPktivcU...)
[00:22:15] *** 操盘方钱包卖出信号#1288 *** 2uzvnzu7Uk... 卖出$42.88 (tx=37sEfQbMZ2Y4...)
[00:22:15] *** 操盘方钱包卖出信号#1289 *** AHprDYwvJR... 卖出$0.31 (tx=2ksi7B6CuCiA...)
[00:22:15] *** 操盘方钱包卖出信号#1290 *** 6wTd5VpwiM... 卖出$0.55 (tx=4uYzd7xQkmJu...)
[00:22:15] *** 操盘方钱包卖出信号#1291 *** 74yRx7Gwr1... 卖出$0.92 (tx=jmY1WXVWtAYJ...)
[00:22:15] *** 操盘方钱包卖出信号#1292 *** 9SBM5wqYVP... 卖出$0.05 (tx=4sFWwM3ujSBm...)
[00:22:15] *** 操盘方钱包卖出信号#1293 *** EQ2AvnerhS... 卖出$1.20 (tx=5foe4SbhfhWv...)
[00:22:15] *** 操盘方钱包卖出信号#1294 *** 8MqpdHkKdU... 卖出$52.98 (tx=4VCEV4odTWLb...)
[00:22:15] *** 操盘方钱包卖出信号#1295 *** Dso6QSwKYr... 卖出$0.10 (tx=5QKGgJymejBb...)
[00:22:15] *** 操盘方钱包卖出信号#1296 *** 5uwh37EhTu... 卖出$44.01 (tx=5UhEVwouMzFD...)
[00:22:15] *** 操盘方钱包卖出信号#1297 *** 8PYS8YU5XU... 卖出$64.01 (tx=HSgeDbJjzeNP...)
[00:22:15] *** 操盘方钱包卖出信号#1298 *** 2uzvnzu7Uk... 卖出$51.16 (tx=2cjF1RmduEVQ...)
[00:22:15] *** 操盘方钱包卖出信号#1299 *** 6wTd5VpwiM... 卖出$1.01 (tx=5ewV6hzyDJTZ...)
[00:22:15] *** 操盘方钱包卖出信号#1300 *** AHprDYwvJR... 卖出$0.90 (tx=5tRpaWRTp1CE...)
[00:22:15] *** 操盘方钱包卖出信号#1301 *** 74yRx7Gwr1... 卖出$0.69 (tx=3qctT7GfzzBB...)
[00:22:15] *** 操盘方钱包卖出信号#1302 *** 9SBM5wqYVP... 卖出$0.82 (tx=oobmUVyYfWv8...)
[00:22:15] *** 操盘方钱包卖出信号#1303 *** EQ2AvnerhS... 卖出$0.50 (tx=Uw4of2Uvbm6E...)
[00:22:15] *** 操盘方钱包卖出信号#1304 *** 8MqpdHkKdU... 卖出$1.41 (tx=3eV82MgM1a71...)
[00:22:15] *** 操盘方钱包卖出信号#1305 *** Dso6QSwKYr... 卖出$0.20 (tx=3VAXpZ4Ke6TV...)
[00:22:15] *** 操盘方钱包卖出信号#1306 *** 5uwh37EhTu... 卖出$49.80 (tx=535Je1i54cfU...)
[00:22:15] *** 操盘方钱包卖出信号#1307 *** 8PYS8YU5XU... 卖出$1.43 (tx=JbYvqXzUJN3h...)
[00:22:15] *** 操盘方钱包卖出信号#1308 *** 2uzvnzu7Uk... 卖出$45.16 (tx=2zxZj48BV7Fe...)
[00:22:15] *** 操盘方钱包卖出信号#1309 *** AHprDYwvJR... 卖出$0.89 (tx=3rEzhgXKTZFD...)
[00:22:15] *** 操盘方钱包卖出信号#1310 *** 74yRx7Gwr1... 卖出$38.29 (tx=5QCKCRUaVVSK...)
[00:22:15] *** 操盘方钱包卖出信号#1311 *** 9SBM5wqYVP... 卖出$1.41 (tx=4HghShFwRfz2...)
[00:22:54] *** 操盘方钱包卖出信号#1312 *** AHprDYwvJR... 卖出$0.74 (tx=4QiqQ2QyXTdZ...)
[00:22:54] *** 操盘方钱包卖出信号#1313 *** 2uzvnzu7Uk... 卖出$0.01 (tx=5vAcAnLYhUZ3...)
[00:22:54] *** 操盘方钱包卖出信号#1314 *** 6wTd5VpwiM... 卖出$0.92 (tx=4kqNLyB2GGCA...)
[00:22:54] *** 操盘方钱包卖出信号#1315 *** EQ2AvnerhS... 卖出$61.52 (tx=5L6hYXq6DUqX...)
[00:22:54] *** 操盘方钱包卖出信号#1316 *** 9SBM5wqYVP... 卖出$0.07 (tx=QWcCZ9YbEgQJ...)
[00:22:54] *** 操盘方钱包卖出信号#1317 *** Dso6QSwKYr... 卖出$1.40 (tx=3EUBA3a1zr1W...)
[00:22:54] *** 操盘方钱包卖出信号#1318 *** 8MqpdHkKdU... 卖出$1.26 (tx=63YkNBnWeNdc...)
[00:22:54] *** 操盘方钱包卖出信号#1319 *** 5uwh37EhTu... 卖出$1.17 (tx=aZmwDAJM67LX...)
[00:22:54] *** 操盘方钱包卖出信号#1320 *** 8PYS8YU5XU... 卖出$0.83 (tx=RAvx74dpn2TJ...)
[00:22:54] *** 操盘方钱包卖出信号#1321 *** 2uzvnzu7Uk... 卖出$0.43 (tx=5BZdYqJYfRXZ...)
[00:22:54] *** 操盘方钱包卖出信号#1322 *** AHprDYwvJR... 卖出$1.41 (tx=of1cJ3eUwNfG...)
[00:22:54] *** 操盘方钱包卖出信号#1323 *** 6wTd5VpwiM... 卖出$1.41 (tx=T1DX3gFmGi1f...)
[00:22:54] *** 操盘方钱包卖出信号#1324 *** 74yRx7Gwr1... 卖出$0.90 (tx=2Vgv9KRqZJ2w...)
[00:22:54] *** 操盘方钱包卖出信号#1325 *** 9SBM5wqYVP... 卖出$1.21 (tx=gitghKBLq69o...)
[00:22:54] *** 操盘方钱包卖出信号#1326 *** EQ2AvnerhS... 卖出$64.68 (tx=3piJtzMRySKM...)
[00:22:54] *** 操盘方钱包卖出信号#1327 *** 8MqpdHkKdU... 卖出$0.58 (tx=4AAWaqkiKhPH...)
[00:22:54] *** 操盘方钱包卖出信号#1328 *** Dso6QSwKYr... 卖出$1.34 (tx=aGrCmQkKpuZH...)
[00:22:54] *** 操盘方钱包卖出信号#1329 *** 5uwh37EhTu... 卖出$0.70 (tx=5zZgH63M9p7E...)
[00:22:54] *** 操盘方钱包卖出信号#1330 *** 8PYS8YU5XU... 卖出$1.45 (tx=6wTyk6BWheYV...)
[00:22:54] *** 操盘方钱包卖出信号#1331 *** 6wTd5VpwiM... 卖出$0.24 (tx=4GF1w7WH68jv...)
[00:22:54] *** 操盘方钱包卖出信号#1332 *** 74yRx7Gwr1... 卖出$0.38 (tx=41rxTcstsVjt...)
[00:22:54] *** 操盘方钱包卖出信号#1333 *** 9SBM5wqYVP... 卖出$1.26 (tx=5AV8mtjxBWZf...)
[00:22:54] *** 操盘方钱包卖出信号#1334 *** EQ2AvnerhS... 卖出$0.91 (tx=c1DbyTgZNYzP...)
[00:22:54] *** 操盘方钱包卖出信号#1335 *** 8MqpdHkKdU... 卖出$52.79 (tx=rH3rT128CcDs...)
[00:22:54] *** 操盘方钱包卖出信号#1336 *** Dso6QSwKYr... 卖出$1.28 (tx=MYPJkYoGouWi...)
[00:22:54] *** 操盘方钱包卖出信号#1337 *** 5uwh37EhTu... 卖出$0.17 (tx=78butPPoEBqs...)
[00:22:54] *** 操盘方钱包卖出信号#1338 *** 2uzvnzu7Uk... 卖出$1.32 (tx=5XNHRKgWGbkQ...)
[00:22:54] *** 操盘方钱包卖出信号#1339 *** AHprDYwvJR... 卖出$0.44 (tx=5wgB6K5BXDG7...)
[00:22:54] *** 操盘方钱包卖出信号#1340 *** 6wTd5VpwiM... 卖出$0.61 (tx=2KKd61gMUaBw...)
[00:22:54] *** 操盘方钱包卖出信号#1341 *** 74yRx7Gwr1... 卖出$0.47 (tx=3xTibGRdTWVb...)
[00:22:54] *** 操盘方钱包卖出信号#1342 *** EQ2AvnerhS... 卖出$0.07 (tx=m1v67rueTxVZ...)
[00:22:54] *** 操盘方钱包卖出信号#1343 *** Dso6QSwKYr... 卖出$0.31 (tx=5otyVjpy44Qn...)
[00:23:25] *** 操盘方钱包卖出信号#1344 *** 2uzvnzu7Uk... 卖出$1.24 (tx=321SQEKLAuUY...)
[00:23:26] *** 操盘方钱包卖出信号#1345 *** AHprDYwvJR... 卖出$0.57 (tx=2n58g31SRxRX...)
[00:23:26] *** 操盘方钱包卖出信号#1346 *** 6wTd5VpwiM... 卖出$0.75 (tx=4LU6hdH1rA1U...)
[00:23:26] *** 操盘方钱包卖出信号#1347 *** 9SBM5wqYVP... 卖出$41.98 (tx=2BExhXiviWBX...)
[00:23:26] *** 操盘方钱包卖出信号#1348 *** 74yRx7Gwr1... 卖出$1.22 (tx=46pf4M1hT46y...)
[00:23:26] *** 操盘方钱包卖出信号#1349 *** EQ2AvnerhS... 卖出$1.14 (tx=3YDcvckmX76P...)
[00:23:26] *** 操盘方钱包卖出信号#1350 *** 8MqpdHkKdU... 卖出$60.35 (tx=4nDqvta5Edid...)
[00:23:26] *** 操盘方钱包卖出信号#1351 *** 5uwh37EhTu... 卖出$66.89 (tx=3adyJEmzwd9F...)
[00:23:26] *** 操盘方钱包卖出信号#1352 *** Dso6QSwKYr... 卖出$1.40 (tx=4MwZspKZRTzS...)
[00:23:26] *** 操盘方钱包卖出信号#1353 *** 8PYS8YU5XU... 卖出$0.85 (tx=28K8ToYFnjFe...)
[00:23:26] *** 操盘方钱包卖出信号#1354 *** 2uzvnzu7Uk... 卖出$65.65 (tx=gc2zJR7St1aH...)
[00:23:26] *** 操盘方钱包卖出信号#1355 *** AHprDYwvJR... 卖出$1.24 (tx=2s3T3R59pUGv...)
[00:23:26] *** 操盘方钱包卖出信号#1356 *** 6wTd5VpwiM... 卖出$58.86 (tx=5hmRuADJKVT6...)
[00:23:26] *** 操盘方钱包卖出信号#1357 *** 74yRx7Gwr1... 卖出$0.73 (tx=2LZuBrdTo3Cc...)
[00:23:26] *** 操盘方钱包卖出信号#1358 *** 9SBM5wqYVP... 卖出$0.24 (tx=3TDQG3zGcEhf...)
[00:23:26] *** 操盘方钱包卖出信号#1359 *** Dso6QSwKYr... 卖出$40.63 (tx=3wJ7DYYTLguE...)
[00:23:26] *** 操盘方钱包卖出信号#1360 *** EQ2AvnerhS... 卖出$0.68 (tx=2F1KNMBaXQEc...)
[00:23:26] *** 操盘方钱包卖出信号#1361 *** 8MqpdHkKdU... 卖出$0.34 (tx=674p9FpvV8Gd...)
[00:23:26] *** 操盘方钱包卖出信号#1362 *** 5uwh37EhTu... 卖出$0.39 (tx=4aGWYohphbWo...)
[00:23:26] *** 操盘方钱包卖出信号#1363 *** 8PYS8YU5XU... 卖出$0.74 (tx=Q3i2Fwie4GXy...)
[00:23:26] *** 操盘方钱包卖出信号#1364 *** 2uzvnzu7Uk... 卖出$0.93 (tx=5ukpEqJW2GU8...)
[00:23:26] *** 操盘方钱包卖出信号#1365 *** AHprDYwvJR... 卖出$53.44 (tx=39DZ7R2CNPHk...)
[00:23:26] *** 操盘方钱包卖出信号#1366 *** 6wTd5VpwiM... 卖出$0.24 (tx=58tqZH6BX7CQ...)
[00:23:26] *** 操盘方钱包卖出信号#1367 *** 74yRx7Gwr1... 卖出$42.35 (tx=StkNgJr1UfgB...)
[00:23:26] *** 操盘方钱包卖出信号#1368 *** 9SBM5wqYVP... 卖出$0.29 (tx=2vANN5A4qaVF...)
[00:23:26] *** 操盘方钱包卖出信号#1369 *** Dso6QSwKYr... 卖出$0.01 (tx=3jnY5T3p3Txz...)
[00:23:26] *** 操盘方钱包卖出信号#1370 *** 8MqpdHkKdU... 卖出$1.37 (tx=2gDaUQEDeBbQ...)
[00:23:26] *** 操盘方钱包卖出信号#1371 *** EQ2AvnerhS... 卖出$58.33 (tx=5rgF2tTmU6yH...)
[00:23:26] *** 操盘方钱包卖出信号#1372 *** 5uwh37EhTu... 卖出$1.25 (tx=3f5uctkzXt2Y...)
[00:23:26] *** 操盘方钱包卖出信号#1373 *** 8PYS8YU5XU... 卖出$1.28 (tx=UdBMQydAG37s...)
[00:23:26] *** 操盘方钱包卖出信号#1374 *** 2uzvnzu7Uk... 卖出$0.10 (tx=4HsHSgQ4v8qd...)
[00:23:26] *** 操盘方钱包卖出信号#1375 *** 6wTd5VpwiM... 卖出$0.25 (tx=3GexBsRsphGN...)
[00:23:26] *** 操盘方钱包卖出信号#1376 *** AHprDYwvJR... 卖出$44.34 (tx=oHnkntbcuBx2...)
[00:23:26] *** 操盘方钱包卖出信号#1377 *** 74yRx7Gwr1... 卖出$1.24 (tx=RCJA5w8SuPLG...)
[00:23:26] *** 操盘方钱包卖出信号#1378 *** 8MqpdHkKdU... 卖出$1.35 (tx=pY9Cp4131k3j...)
[00:23:26] *** 操盘方钱包卖出信号#1379 *** 5uwh37EhTu... 卖出$1.39 (tx=37U4EKwGe6Yb...)
[00:23:26] *** 操盘方钱包卖出信号#1380 *** Dso6QSwKYr... 卖出$0.96 (tx=52jBeRNhpJwk...)
[00:23:26] *** 操盘方钱包卖出信号#1381 *** 9SBM5wqYVP... 卖出$1.22 (tx=4SSkATLi5B2w...)
[00:23:26] *** 操盘方钱包卖出信号#1382 *** EQ2AvnerhS... 卖出$62.30 (tx=8bes5gjDum9D...)
[00:24:03] *** 操盘方钱包卖出信号#1383 *** 5uwh37EhTu... 卖出$1.46 (tx=5ZWhEsbW8DnE...)
[00:24:03] *** 操盘方钱包卖出信号#1384 *** 8PYS8YU5XU... 卖出$1.13 (tx=2yiR6uHKhCGd...)
[00:24:03] *** 操盘方钱包卖出信号#1385 *** 2uzvnzu7Uk... 卖出$0.49 (tx=2MFHJLm9KDQE...)
[00:24:03] *** 操盘方钱包卖出信号#1386 *** AHprDYwvJR... 卖出$40.03 (tx=49hTPscwnLfy...)
[00:24:03] *** 操盘方钱包卖出信号#1387 *** 74yRx7Gwr1... 卖出$1.37 (tx=5CCCvWTTGAef...)
[00:24:03] *** 操盘方钱包卖出信号#1388 *** 9SBM5wqYVP... 卖出$0.87 (tx=4kCCYmviCQnW...)
[00:24:03] *** 操盘方钱包卖出信号#1389 *** 8MqpdHkKdU... 卖出$0.69 (tx=4XPiKxqJ1QBx...)
[00:24:03] *** 操盘方钱包卖出信号#1390 *** Dso6QSwKYr... 卖出$0.34 (tx=2Z4dyasiMgBQ...)
[00:24:03] *** 操盘方钱包卖出信号#1391 *** EQ2AvnerhS... 卖出$56.09 (tx=5CfBH4pC5tgJ...)
[00:24:03] *** 操盘方钱包卖出信号#1392 *** 5uwh37EhTu... 卖出$1.08 (tx=4U8ckLE5cW13...)
[00:24:03] *** 操盘方钱包卖出信号#1393 *** 8PYS8YU5XU... 卖出$1.12 (tx=2oUi2wbGU7Nv...)
[00:24:03] *** 操盘方钱包卖出信号#1394 *** 2uzvnzu7Uk... 卖出$0.23 (tx=5ZhCScQSuzW4...)
[00:24:03] *** 操盘方钱包卖出信号#1395 *** 6wTd5VpwiM... 卖出$0.43 (tx=4fQS6o1D4PYQ...)
[00:24:03] *** 操盘方钱包卖出信号#1396 *** AHprDYwvJR... 卖出$0.58 (tx=5Dvpn4HV24gc...)
[00:24:03] *** 操盘方钱包卖出信号#1397 *** 74yRx7Gwr1... 卖出$0.75 (tx=4YjYL8s8MKAP...)
[00:24:03] *** 操盘方钱包卖出信号#1398 *** 9SBM5wqYVP... 卖出$0.13 (tx=AJE7KQArNd6P...)
[00:24:03] *** 操盘方钱包卖出信号#1399 *** EQ2AvnerhS... 卖出$49.62 (tx=3VT8esBC8b47...)
[00:24:03] *** 操盘方钱包卖出信号#1400 *** 8MqpdHkKdU... 卖出$0.19 (tx=4M9QMNmB7cWC...)
[00:24:03] *** 操盘方钱包卖出信号#1401 *** 5uwh37EhTu... 卖出$0.87 (tx=gbUC653UbU9c...)
[00:24:03] *** 操盘方钱包卖出信号#1402 *** Dso6QSwKYr... 卖出$0.78 (tx=6BYfkATx777q...)
[00:24:03] *** 操盘方钱包卖出信号#1403 *** 8PYS8YU5XU... 卖出$1.49 (tx=4dmExPhYcTkh...)
[00:24:03] *** 操盘方钱包卖出信号#1404 *** AHprDYwvJR... 卖出$56.48 (tx=3cPYz4efwsTc...)
[00:24:03] *** 操盘方钱包卖出信号#1405 *** 2uzvnzu7Uk... 卖出$1.46 (tx=3YA8USmzWaZv...)
[00:24:03] *** 操盘方钱包卖出信号#1406 *** 6wTd5VpwiM... 卖出$1.42 (tx=fVAg9QeKdSq6...)
[00:24:03] *** 操盘方钱包卖出信号#1407 *** 74yRx7Gwr1... 卖出$1.47 (tx=4MZZ9r316LiB...)
[00:24:03] *** 操盘方钱包卖出信号#1408 *** 9SBM5wqYVP... 卖出$1.38 (tx=3i8BNkRAHQXN...)
[00:24:03] *** 操盘方钱包卖出信号#1409 *** EQ2AvnerhS... 卖出$51.25 (tx=4gckSRyNk6yi...)
[00:24:03] *** 操盘方钱包卖出信号#1410 *** 8MqpdHkKdU... 卖出$0.88 (tx=2FQRtCb8ay1a...)
[00:24:03] *** 操盘方钱包卖出信号#1411 *** Dso6QSwKYr... 卖出$1.14 (tx=3P87FjGZHZer...)
[00:24:03] *** 操盘方钱包卖出信号#1412 *** 5uwh37EhTu... 卖出$1.28 (tx=2HoLpyzudehP...)
[00:24:03] *** 操盘方钱包卖出信号#1413 *** 8PYS8YU5XU... 卖出$1.34 (tx=66fyXPfMHDg3...)
[00:24:03] *** 操盘方钱包卖出信号#1414 *** AHprDYwvJR... 卖出$0.13 (tx=26ca4iHvUtQh...)
[00:24:03] *** 操盘方钱包卖出信号#1415 *** 2uzvnzu7Uk... 卖出$0.94 (tx=SrWkiSc1aq5G...)
[00:24:03] *** 操盘方钱包卖出信号#1416 *** 6wTd5VpwiM... 卖出$1.36 (tx=369jFiRTnu2D...)
[00:24:03] *** 操盘方钱包卖出信号#1417 *** 74yRx7Gwr1... 卖出$0.83 (tx=5CpYx5hGf2SE...)
[00:24:42] *** 操盘方钱包卖出信号#1418 *** 8MqpdHkKdU... 卖出$37.95 (tx=2gAjmzH9JSw7...)
[00:24:42] *** 操盘方钱包卖出信号#1419 *** Dso6QSwKYr... 卖出$0.34 (tx=36wAS7wLQm5C...)
[00:24:42] *** 操盘方钱包卖出信号#1420 *** 5uwh37EhTu... 卖出$53.18 (tx=5siCmL5sBRob...)
[00:24:42] *** 操盘方钱包卖出信号#1421 *** 8PYS8YU5XU... 卖出$44.29 (tx=4LmTFHvMsMmM...)
[00:24:42] *** 操盘方钱包卖出信号#1422 *** 2uzvnzu7Uk... 卖出$65.51 (tx=wSGy7ZVKcZmi...)
[00:24:42] *** 操盘方钱包卖出信号#1423 *** AHprDYwvJR... 卖出$1.01 (tx=4U5AL6GL8nJC...)
[00:24:42] *** 操盘方钱包卖出信号#1424 *** 6wTd5VpwiM... 卖出$51.62 (tx=Qst8YgguzZS1...)
[00:24:42] *** 操盘方钱包卖出信号#1425 *** 74yRx7Gwr1... 卖出$0.53 (tx=3M1zdixqsC9c...)
[00:24:42] *** 操盘方钱包卖出信号#1426 *** 9SBM5wqYVP... 卖出$0.14 (tx=2ZgMSSNHhvSX...)
[00:24:42] *** 操盘方钱包卖出信号#1427 *** Dso6QSwKYr... 卖出$61.11 (tx=56qoj5ETgryZ...)
[00:24:42] *** 操盘方钱包卖出信号#1428 *** 5uwh37EhTu... 卖出$0.04 (tx=hidQaQeNapeX...)
[00:24:42] *** 操盘方钱包卖出信号#1429 *** 8PYS8YU5XU... 卖出$0.68 (tx=3Qp4bfsDFV5z...)
[00:24:42] *** 操盘方钱包卖出信号#1430 *** 2uzvnzu7Uk... 卖出$1.16 (tx=3MkHZNVq4jwQ...)
[00:24:42] *** 操盘方钱包卖出信号#1431 *** AHprDYwvJR... 卖出$0.43 (tx=675HZMv19wxr...)
[00:24:42] *** 操盘方钱包卖出信号#1432 *** 6wTd5VpwiM... 卖出$45.01 (tx=dtC4FFCS6skE...)
[00:24:42] *** 操盘方钱包卖出信号#1433 *** 74yRx7Gwr1... 卖出$47.77 (tx=4DHT2QX5QHqL...)
[00:24:42] *** 操盘方钱包卖出信号#1434 *** 9SBM5wqYVP... 卖出$0.30 (tx=5qXwB5J6uEFw...)
[00:24:42] *** 操盘方钱包卖出信号#1435 *** EQ2AvnerhS... 卖出$56.07 (tx=cacg1RXFA8az...)
[00:24:42] *** 操盘方钱包卖出信号#1436 *** 8MqpdHkKdU... 卖出$0.99 (tx=54feuEvfy5LZ...)
[00:24:42] *** 操盘方钱包卖出信号#1437 *** Dso6QSwKYr... 卖出$0.26 (tx=3dY4UQB6SdSc...)
[00:24:42] *** 操盘方钱包卖出信号#1438 *** 2uzvnzu7Uk... 卖出$0.86 (tx=2gSvTkqx4NbU...)
[00:24:42] *** 操盘方钱包卖出信号#1439 *** 8PYS8YU5XU... 卖出$0.25 (tx=4yKSjoLk2Wgz...)
[00:24:42] *** 操盘方钱包卖出信号#1440 *** AHprDYwvJR... 卖出$0.10 (tx=jSkN9MavG9x9...)
[00:24:42] *** 操盘方钱包卖出信号#1441 *** 6wTd5VpwiM... 卖出$46.99 (tx=5njr6EjhG2CW...)
[00:24:42] *** 操盘方钱包卖出信号#1442 *** 9SBM5wqYVP... 卖出$0.08 (tx=1ZTC6E8WBiXT...)
[00:24:42] *** 操盘方钱包卖出信号#1443 *** 74yRx7Gwr1... 卖出$60.90 (tx=5UpN4nN1nxH8...)
[00:24:42] *** 操盘方钱包卖出信号#1444 *** 8MqpdHkKdU... 卖出$0.50 (tx=3xyGX68F4aFH...)
[00:24:42] *** 操盘方钱包卖出信号#1445 *** EQ2AvnerhS... 卖出$0.20 (tx=5ZKRep3HFPfx...)
[00:24:42] *** 操盘方钱包卖出信号#1446 *** 5uwh37EhTu... 卖出$0.49 (tx=29Wz3vRFMVM9...)
[00:24:42] *** 操盘方钱包卖出信号#1447 *** Dso6QSwKYr... 卖出$61.84 (tx=5upFjJgeNRzC...)
[00:24:42] *** 操盘方钱包卖出信号#1448 *** 8PYS8YU5XU... 卖出$0.89 (tx=3NR6zRBuXC1P...)
[00:24:42] *** 操盘方钱包卖出信号#1449 *** 2uzvnzu7Uk... 卖出$0.64 (tx=3Mk8McrrJ8pD...)
[00:24:42] *** 操盘方钱包卖出信号#1450 *** 6wTd5VpwiM... 卖出$0.96 (tx=3Vx8GuoypGks...)
[00:24:42] *** 操盘方钱包卖出信号#1451 *** AHprDYwvJR... 卖出$48.67 (tx=Tw5oMLxz1bV6...)
[00:24:42] *** 操盘方钱包卖出信号#1452 *** EQ2AvnerhS... 卖出$48.75 (tx=5DKrsoXt12L3...)
[00:24:42] *** 操盘方钱包卖出信号#1453 *** 9SBM5wqYVP... 卖出$0.61 (tx=yi7ZtrzZsEhP...)
[00:25:49] *** 操盘方钱包卖出信号#1454 *** 74yRx7Gwr1... 卖出$1.40 (tx=tddpr39Gm2xw...)
[00:25:49] *** 操盘方钱包卖出信号#1455 *** 8MqpdHkKdU... 卖出$61.22 (tx=3TWKXjyq26TR...)
[00:25:49] *** 操盘方钱包卖出信号#1456 *** Dso6QSwKYr... 卖出$1.39 (tx=2rUMhFtVjRzg...)
[00:25:49] *** 操盘方钱包卖出信号#1457 *** 5uwh37EhTu... 卖出$56.04 (tx=3b4perF82yZm...)
[00:25:49] *** 操盘方钱包卖出信号#1458 *** 8PYS8YU5XU... 卖出$0.97 (tx=Pz3TGEhkBAbL...)
[00:25:49] *** 操盘方钱包卖出信号#1459 *** 2uzvnzu7Uk... 卖出$40.29 (tx=2NegLoNw5bVz...)
[00:25:49] *** 操盘方钱包卖出信号#1460 *** AHprDYwvJR... 卖出$0.49 (tx=2xrUVNh12yZ5...)
[00:25:49] *** 操盘方钱包卖出信号#1461 *** EQ2AvnerhS... 卖出$0.87 (tx=54MSBHrJ6MXL...)
[00:25:49] *** 操盘方钱包卖出信号#1462 *** 74yRx7Gwr1... 卖出$1.01 (tx=t3cQrdyT4JCQ...)
[00:25:49] *** 操盘方钱包卖出信号#1463 *** 9SBM5wqYVP... 卖出$0.13 (tx=3wHM2xwQ4KyA...)
[00:25:49] *** 操盘方钱包卖出信号#1464 *** 5uwh37EhTu... 卖出$67.62 (tx=32UUBgtGCQev...)
[00:25:49] *** 操盘方钱包卖出信号#1465 *** Dso6QSwKYr... 卖出$0.54 (tx=5Wnmf2SXBaii...)
[00:25:49] *** 操盘方钱包卖出信号#1466 *** 8MqpdHkKdU... 卖出$0.31 (tx=df5tsc9qDysE...)
[00:25:49] *** 操盘方钱包卖出信号#1467 *** 8PYS8YU5XU... 卖出$0.90 (tx=5tCQjZn4Rubz...)
[00:25:49] *** 操盘方钱包卖出信号#1468 *** AHprDYwvJR... 卖出$0.90 (tx=5gm3e4YGCvbA...)
[00:25:49] *** 操盘方钱包卖出信号#1469 *** 2uzvnzu7Uk... 卖出$67.80 (tx=5XDMgLr1oenS...)
[00:25:49] *** 操盘方钱包卖出信号#1470 *** 6wTd5VpwiM... 卖出$55.54 (tx=4SgFc8M9ZiiD...)
[00:25:49] *** 操盘方钱包卖出信号#1471 *** 74yRx7Gwr1... 卖出$55.99 (tx=4rLJQ7pcNtV9...)
[00:25:49] *** 操盘方钱包卖出信号#1472 *** 9SBM5wqYVP... 卖出$0.69 (tx=2qcFGrTZyJnU...)
[00:25:49] *** 操盘方钱包卖出信号#1473 *** 8MqpdHkKdU... 卖出$0.44 (tx=284aSBbyQZFT...)
[00:25:49] *** 操盘方钱包卖出信号#1474 *** EQ2AvnerhS... 卖出$0.98 (tx=5K89uNXK5315...)
[00:25:49] *** 操盘方钱包卖出信号#1475 *** 5uwh37EhTu... 卖出$0.94 (tx=3UHx467fu9y9...)
[00:25:49] *** 操盘方钱包卖出信号#1476 *** Dso6QSwKYr... 卖出$49.46 (tx=5JCNEgERG5mq...)
[00:25:49] *** 操盘方钱包卖出信号#1477 *** 8PYS8YU5XU... 卖出$0.32 (tx=5YbaB5Anf5B8...)
[00:25:49] *** 操盘方钱包卖出信号#1478 *** 2uzvnzu7Uk... 卖出$0.92 (tx=4f2pgZPgkUXG...)
[00:25:49] *** 操盘方钱包卖出信号#1479 *** AHprDYwvJR... 卖出$44.40 (tx=35qnbZcNHH9f...)
[00:25:49] *** 操盘方钱包卖出信号#1480 *** 6wTd5VpwiM... 卖出$0.65 (tx=4pAR5sV55iRQ...)
[00:25:49] *** 操盘方钱包卖出信号#1481 *** 9SBM5wqYVP... 卖出$0.70 (tx=56HtrDewyqyq...)
[00:25:49] *** 操盘方钱包卖出信号#1482 *** EQ2AvnerhS... 卖出$0.77 (tx=oCCUTtm5xJ5e...)
[00:25:49] *** 操盘方钱包卖出信号#1483 *** 8MqpdHkKdU... 卖出$1.11 (tx=65AAhtJutPt5...)
[00:25:49] *** 操盘方钱包卖出信号#1484 *** 5uwh37EhTu... 卖出$1.06 (tx=F9zUC4xXtDFJ...)
[00:25:49] *** 操盘方钱包卖出信号#1485 *** Dso6QSwKYr... 卖出$38.87 (tx=3HJNcy5HjiNQ...)
[00:25:49] *** 操盘方钱包卖出信号#1486 *** 8PYS8YU5XU... 卖出$0.55 (tx=3H4Vg7ht3Xif...)
[00:25:49] *** 操盘方钱包卖出信号#1487 *** 2uzvnzu7Uk... 卖出$0.62 (tx=2uBrRP58Y1ux...)
[00:25:49] *** 操盘方钱包卖出信号#1488 *** AHprDYwvJR... 卖出$0.16 (tx=5FGLaqQoahnP...)
[00:25:49] *** 操盘方钱包卖出信号#1489 *** 6wTd5VpwiM... 卖出$59.14 (tx=52rD95Xe1oLZ...)
[00:25:49] *** 操盘方钱包卖出信号#1490 *** 74yRx7Gwr1... 卖出$0.71 (tx=5ViaGbVH48Jw...)
[00:25:49] *** 操盘方钱包卖出信号#1491 *** 9SBM5wqYVP... 卖出$1.34 (tx=617JXs6W3saY...)
[00:25:49] *** 操盘方钱包卖出信号#1492 *** 8MqpdHkKdU... 卖出$0.37 (tx=2qUCXKCHbA5r...)
[00:25:49] *** 操盘方钱包卖出信号#1493 *** EQ2AvnerhS... 卖出$0.46 (tx=Mescdo7eCSsc...)
[00:26:26] *** 操盘方钱包卖出信号#1494 *** 6wTd5VpwiM... 卖出$1.44 (tx=2uv5nQVqhDyF...)
[00:26:26] *** 操盘方钱包卖出信号#1495 *** 74yRx7Gwr1... 卖出$54.64 (tx=3yQLrreuohjf...)
[00:26:26] *** 操盘方钱包卖出信号#1496 *** 9SBM5wqYVP... 卖出$0.55 (tx=41hJrHRmR5tw...)
[00:26:26] *** 操盘方钱包卖出信号#1497 *** EQ2AvnerhS... 卖出$64.81 (tx=22pg9TKxozhg...)
[00:26:26] *** 操盘方钱包卖出信号#1498 *** Dso6QSwKYr... 卖出$1.14 (tx=2T8gVi7ZVER7...)
[00:26:26] *** 操盘方钱包卖出信号#1499 *** 8MqpdHkKdU... 卖出$1.15 (tx=5NET8JMHnpne...)
[00:26:26] *** 操盘方钱包卖出信号#1500 *** 5uwh37EhTu... 卖出$0.25 (tx=2Av46gtTWDco...)
[00:26:26] *** 操盘方钱包卖出信号#1501 *** 8PYS8YU5XU... 卖出$1.47 (tx=MFRPTPwCWuCT...)
[00:26:26] *** 操盘方钱包卖出信号#1502 *** 2uzvnzu7Uk... 卖出$1.48 (tx=2hgnEwN7nhNj...)
[00:26:26] *** 操盘方钱包卖出信号#1503 *** AHprDYwvJR... 卖出$44.60 (tx=566hQotc4joz...)
[00:26:26] *** 操盘方钱包卖出信号#1504 *** 6wTd5VpwiM... 卖出$0.58 (tx=4FUuHyF3nWEd...)
[00:26:26] *** 操盘方钱包卖出信号#1505 *** 74yRx7Gwr1... 卖出$1.28 (tx=5tZX9oLV3cWg...)
[00:26:26] *** 操盘方钱包卖出信号#1506 *** EQ2AvnerhS... 卖出$62.60 (tx=5ZyPjLhbWKnb...)
[00:26:26] *** 操盘方钱包卖出信号#1507 *** 9SBM5wqYVP... 卖出$1.40 (tx=4dg1Ftg2iW7H...)
[00:26:26] *** 操盘方钱包卖出信号#1508 *** 8MqpdHkKdU... 卖出$1.16 (tx=4xwVHwWX13Xs...)
[00:26:26] *** 操盘方钱包卖出信号#1509 *** Dso6QSwKYr... 卖出$1.31 (tx=5A38rv7Y4TZA...)
[00:26:26] *** 操盘方钱包卖出信号#1510 *** 5uwh37EhTu... 卖出$1.18 (tx=3p7t2jVoadWS...)
[00:26:26] *** 操盘方钱包卖出信号#1511 *** 8PYS8YU5XU... 卖出$0.58 (tx=5HYFiqqrTCZM...)
[00:26:26] *** 操盘方钱包卖出信号#1512 *** AHprDYwvJR... 卖出$0.99 (tx=3XdqXgtD9nrn...)
[00:26:26] *** 操盘方钱包卖出信号#1513 *** 2uzvnzu7Uk... 卖出$0.55 (tx=64YYucUhLoBG...)
[00:26:26] *** 操盘方钱包卖出信号#1514 *** 6wTd5VpwiM... 卖出$0.93 (tx=4BafTFHLacE9...)
[00:26:26] *** 操盘方钱包卖出信号#1515 *** 74yRx7Gwr1... 卖出$1.31 (tx=2rHMxxtzvu5h...)
[00:26:26] *** 操盘方钱包卖出信号#1516 *** EQ2AvnerhS... 卖出$1.34 (tx=2TZxCq81DZPB...)
[00:26:26] *** 操盘方钱包卖出信号#1517 *** 9SBM5wqYVP... 卖出$48.33 (tx=5WwYWBz6LFmv...)
[00:26:26] *** 操盘方钱包卖出信号#1518 *** 8MqpdHkKdU... 卖出$1.44 (tx=3WymHxoKyh8i...)
[00:26:26] *** 操盘方钱包卖出信号#1519 *** Dso6QSwKYr... 卖出$1.32 (tx=4zmzyEnZjMCJ...)
[00:26:26] *** 操盘方钱包卖出信号#1520 *** 5uwh37EhTu... 卖出$0.38 (tx=3c4rXW2n56UX...)
[00:26:26] *** 操盘方钱包卖出信号#1521 *** AHprDYwvJR... 卖出$0.55 (tx=3bxrnFQnbULz...)
[00:26:26] *** 操盘方钱包卖出信号#1522 *** 2uzvnzu7Uk... 卖出$1.14 (tx=4CApmK2qgKuG...)
[00:26:26] *** 操盘方钱包卖出信号#1523 *** 8PYS8YU5XU... 卖出$0.22 (tx=2VnjdCHtofb8...)
[00:26:26] *** 操盘方钱包卖出信号#1524 *** 6wTd5VpwiM... 卖出$0.48 (tx=2ATJGqqaheS3...)
[00:26:26] *** 操盘方钱包卖出信号#1525 *** 74yRx7Gwr1... 卖出$0.03 (tx=3d4RB9Mtv9Bx...)
[00:26:26] *** 操盘方钱包卖出信号#1526 *** 9SBM5wqYVP... 卖出$58.86 (tx=4dpGjG8PoMqS...)
[00:26:26] *** 操盘方钱包卖出信号#1527 *** EQ2AvnerhS... 卖出$0.81 (tx=2GBHSDyMCzQH...)
[00:26:26] *** 操盘方钱包卖出信号#1528 *** Dso6QSwKYr... 卖出$1.29 (tx=51aYhWFoX5rU...)
[00:26:26] *** 操盘方钱包卖出信号#1529 *** 8MqpdHkKdU... 卖出$50.48 (tx=4Q3Wss6vsU3e...)
[00:27:03] *** 操盘方钱包卖出信号#1530 *** 2uzvnzu7Uk... 卖出$50.17 (tx=3oJa4snKmq9w...)
[00:27:03] *** 操盘方钱包卖出信号#1531 *** 6wTd5VpwiM... 卖出$67.49 (tx=XbhzUw4VFjZJ...)
[00:27:03] *** 操盘方钱包卖出信号#1532 *** 9SBM5wqYVP... 卖出$1.28 (tx=5jDRnMxJ9Kqk...)
[00:27:03] *** 操盘方钱包卖出信号#1533 *** 74yRx7Gwr1... 卖出$0.74 (tx=39D4BM5mNBUJ...)
[00:27:03] *** 操盘方钱包卖出信号#1534 *** EQ2AvnerhS... 卖出$0.16 (tx=43x3KyaS9vXK...)
[00:27:03] *** 操盘方钱包卖出信号#1535 *** 8MqpdHkKdU... 卖出$0.31 (tx=4Co8hNFhSaML...)
[00:27:03] *** 操盘方钱包卖出信号#1536 *** Dso6QSwKYr... 卖出$39.54 (tx=579XPBwXtWzE...)
[00:27:03] *** 操盘方钱包卖出信号#1537 *** 5uwh37EhTu... 卖出$0.38 (tx=ASjCn1FZJVGC...)
[00:27:03] *** 操盘方钱包卖出信号#1538 *** AHprDYwvJR... 卖出$0.17 (tx=5fhCTCg7oZUX...)
[00:27:03] *** 操盘方钱包卖出信号#1539 *** 2uzvnzu7Uk... 卖出$1.00 (tx=WtJEegTXKHsm...)
[00:27:03] *** 操盘方钱包卖出信号#1540 *** 6wTd5VpwiM... 卖出$44.90 (tx=2MpDJHAnv9GK...)
[00:27:03] *** 操盘方钱包卖出信号#1541 *** 74yRx7Gwr1... 卖出$45.44 (tx=5y4BrizxkxaG...)
[00:27:03] *** 操盘方钱包卖出信号#1542 *** 8PYS8YU5XU... 卖出$0.48 (tx=512bamF6s3HZ...)
[00:27:03] *** 操盘方钱包卖出信号#1543 *** 9SBM5wqYVP... 卖出$0.07 (tx=5ok6EBdCv3pK...)
[00:27:03] *** 操盘方钱包卖出信号#1544 *** 8MqpdHkKdU... 卖出$1.31 (tx=4q6AKGRLrhyh...)
[00:27:03] *** 操盘方钱包卖出信号#1545 *** EQ2AvnerhS... 卖出$0.15 (tx=4u3Mu76B4drX...)
[00:27:03] *** 操盘方钱包卖出信号#1546 *** 5uwh37EhTu... 卖出$0.82 (tx=3DKDSVY8rNgH...)
[00:27:03] *** 操盘方钱包卖出信号#1547 *** Dso6QSwKYr... 卖出$59.81 (tx=4xv7VknGyVQm...)
[00:27:03] *** 操盘方钱包卖出信号#1548 *** 8PYS8YU5XU... 卖出$0.83 (tx=4RYfwJWBphdJ...)
[00:27:03] *** 操盘方钱包卖出信号#1549 *** 2uzvnzu7Uk... 卖出$0.43 (tx=4eQ5fxmTph79...)
[00:27:03] *** 操盘方钱包卖出信号#1550 *** 6wTd5VpwiM... 卖出$0.81 (tx=KAYwVrh486Cs...)
[00:27:03] *** 操盘方钱包卖出信号#1551 *** AHprDYwvJR... 卖出$1.29 (tx=5qLizb71NtJk...)
[00:27:03] *** 操盘方钱包卖出信号#1552 *** 74yRx7Gwr1... 卖出$50.24 (tx=3UnHddx5eq87...)
[00:27:03] *** 操盘方钱包卖出信号#1553 *** 9SBM5wqYVP... 卖出$0.96 (tx=BdbPsYPE7xYq...)
[00:27:03] *** 操盘方钱包卖出信号#1554 *** 8MqpdHkKdU... 卖出$1.17 (tx=5fJXCRJQYjnU...)
[00:27:03] *** 操盘方钱包卖出信号#1555 *** EQ2AvnerhS... 卖出$0.20 (tx=2TicEAg6KahX...)
[00:27:03] *** 操盘方钱包卖出信号#1556 *** Dso6QSwKYr... 卖出$54.97 (tx=4zBGyTKG4fkt...)
[00:27:03] *** 操盘方钱包卖出信号#1557 *** 5uwh37EhTu... 卖出$1.05 (tx=3JWH1bFLmidm...)
[00:27:03] *** 操盘方钱包卖出信号#1558 *** 8PYS8YU5XU... 卖出$0.83 (tx=4TFTjQPWWSQi...)
[00:27:03] *** 操盘方钱包卖出信号#1559 *** 2uzvnzu7Uk... 卖出$0.19 (tx=3H8kNrwMXca4...)
[00:27:03] *** 操盘方钱包卖出信号#1560 *** AHprDYwvJR... 卖出$62.65 (tx=439nuaC2Wbvd...)
[00:27:03] *** 操盘方钱包卖出信号#1561 *** 6wTd5VpwiM... 卖出$0.41 (tx=291bhfVBon9i...)
[00:27:03] *** 操盘方钱包卖出信号#1562 *** 74yRx7Gwr1... 卖出$48.40 (tx=5Pwu93rMzpWr...)
[00:27:03] *** 操盘方钱包卖出信号#1563 *** 9SBM5wqYVP... 卖出$0.86 (tx=4VKDDVwA3pat...)
[00:27:03] *** 操盘方钱包卖出信号#1564 *** EQ2AvnerhS... 卖出$42.48 (tx=43sEgT5XUXWZ...)
[00:27:03] *** 操盘方钱包卖出信号#1565 *** Dso6QSwKYr... 卖出$0.12 (tx=4DdueMvvZfsJ...)
[00:27:03] *** 操盘方钱包卖出信号#1566 *** 8MqpdHkKdU... 卖出$0.49 (tx=dQwzMDRk2BND...)
[00:27:03] *** 操盘方钱包卖出信号#1567 *** 5uwh37EhTu... 卖出$0.30 (tx=2nKsy8aENBn3...)
[00:27:03] *** 操盘方钱包卖出信号#1568 *** 8PYS8YU5XU... 卖出$0.60 (tx=2pcWBucytPQh...)
[00:27:37] *** 操盘方钱包卖出信号#1569 *** 74yRx7Gwr1... 卖出$0.96 (tx=5GzWqSQgYK7s...)
[00:27:37] *** 操盘方钱包卖出信号#1570 *** 8MqpdHkKdU... 卖出$0.10 (tx=gEGuZM4AufrB...)
[00:27:37] *** 操盘方钱包卖出信号#1571 *** 5uwh37EhTu... 卖出$0.95 (tx=G4igRSsBb9bJ...)
[00:27:37] *** 操盘方钱包卖出信号#1572 *** EQ2AvnerhS... 卖出$65.72 (tx=58q7UZDT1Ru6...)
[00:27:37] *** 操盘方钱包卖出信号#1573 *** Dso6QSwKYr... 卖出$1.04 (tx=52QWZ9owoKLD...)
[00:27:37] *** 操盘方钱包卖出信号#1574 *** 9SBM5wqYVP... 卖出$1.05 (tx=3ZnGy1aeYSXo...)
[00:27:37] *** 操盘方钱包卖出信号#1575 *** 2uzvnzu7Uk... 卖出$1.07 (tx=46Qz8J3PBkdD...)
[00:27:37] *** 操盘方钱包卖出信号#1576 *** AHprDYwvJR... 卖出$0.82 (tx=4oysrpQTTxXg...)
[00:27:37] *** 操盘方钱包卖出信号#1577 *** 6wTd5VpwiM... 卖出$0.10 (tx=zzybtr2PyrcR...)
[00:27:37] *** 操盘方钱包卖出信号#1578 *** 74yRx7Gwr1... 卖出$0.22 (tx=4ShUZor3siXW...)
[00:27:37] *** 操盘方钱包卖出信号#1579 *** 9SBM5wqYVP... 卖出$51.42 (tx=2WdNyDdLdFkJ...)
[00:27:37] *** 操盘方钱包卖出信号#1580 *** Dso6QSwKYr... 卖出$1.32 (tx=ntz1wE8vdgNN...)
[00:27:37] *** 操盘方钱包卖出信号#1581 *** 8MqpdHkKdU... 卖出$41.02 (tx=62QJ9jcNmdBA...)
[00:27:37] *** 操盘方钱包卖出信号#1582 *** EQ2AvnerhS... 卖出$0.21 (tx=4w3N42pH9Vrn...)
[00:27:37] *** 操盘方钱包卖出信号#1583 *** 5uwh37EhTu... 卖出$0.37 (tx=3DrR5eAnKmTv...)
[00:27:37] *** 操盘方钱包卖出信号#1584 *** 8PYS8YU5XU... 卖出$56.37 (tx=PYGkDXDTBUiW...)
[00:27:37] *** 操盘方钱包卖出信号#1585 *** AHprDYwvJR... 卖出$0.16 (tx=4Bf3QxvadVEF...)
[00:27:37] *** 操盘方钱包卖出信号#1586 *** 2uzvnzu7Uk... 卖出$67.84 (tx=4k2Q77qJwLXQ...)
[00:27:37] *** 操盘方钱包卖出信号#1587 *** 6wTd5VpwiM... 卖出$0.46 (tx=2QBQP1WvWUaF...)
[00:27:37] *** 操盘方钱包卖出信号#1588 *** Dso6QSwKYr... 卖出$42.88 (tx=3c1SNsjx2hd2...)
[00:27:37] *** 操盘方钱包卖出信号#1589 *** 8MqpdHkKdU... 卖出$1.39 (tx=3uC7ppcatkW5...)
[00:27:37] *** 操盘方钱包卖出信号#1590 *** 74yRx7Gwr1... 卖出$0.54 (tx=4dAfgUsavami...)
[00:27:37] *** 操盘方钱包卖出信号#1591 *** EQ2AvnerhS... 卖出$0.90 (tx=4qqS3xqbR91V...)
[00:27:37] *** 操盘方钱包卖出信号#1592 *** 9SBM5wqYVP... 卖出$0.57 (tx=5BxyMGz9Rvts...)
[00:27:37] *** 操盘方钱包卖出信号#1593 *** 5uwh37EhTu... 卖出$0.14 (tx=5tH4oi2vDJAX...)
[00:27:37] *** 操盘方钱包卖出信号#1594 *** 8PYS8YU5XU... 卖出$0.27 (tx=4aG1n35cpe9P...)
[00:27:37] *** 操盘方钱包卖出信号#1595 *** 2uzvnzu7Uk... 卖出$41.45 (tx=5VTSQoBzhiWp...)
[00:27:37] *** 操盘方钱包卖出信号#1596 *** AHprDYwvJR... 卖出$0.78 (tx=3MZyMUX6JGLs...)
[00:27:37] *** 操盘方钱包卖出信号#1597 *** 6wTd5VpwiM... 卖出$1.41 (tx=3BxhLWXrSSnN...)
[00:27:37] *** 操盘方钱包卖出信号#1598 *** 9SBM5wqYVP... 卖出$1.26 (tx=2Uo9Qgc9ks6C...)
[00:27:37] *** 操盘方钱包卖出信号#1599 *** 74yRx7Gwr1... 卖出$0.93 (tx=5xGPgXf7AqZW...)
[00:27:37] *** 操盘方钱包卖出信号#1600 *** 8MqpdHkKdU... 卖出$1.23 (tx=4g5uQ8MJVeiu...)
[00:27:37] *** 操盘方钱包卖出信号#1601 *** EQ2AvnerhS... 卖出$0.31 (tx=4wwtd4P95bpB...)
[00:27:37] *** 操盘方钱包卖出信号#1602 *** Dso6QSwKYr... 卖出$1.47 (tx=5NPa4WLGARGn...)
[00:27:37] *** 操盘方钱包卖出信号#1603 *** 5uwh37EhTu... 卖出$44.60 (tx=3FEGmGCr2bAB...)
[00:27:37] *** 操盘方钱包卖出信号#1604 *** 8PYS8YU5XU... 卖出$50.68 (tx=HTFgZ2WG4owt...)
[00:28:14] *** 操盘方钱包卖出信号#1605 *** 8MqpdHkKdU... 卖出$1.34 (tx=J5rhzdcdssW5...)
[00:28:14] *** 操盘方钱包卖出信号#1606 *** 5uwh37EhTu... 卖出$0.14 (tx=umfc1SwmNMpe...)
[00:28:14] *** 操盘方钱包卖出信号#1607 *** Dso6QSwKYr... 卖出$44.15 (tx=3M4P7CVDbSHc...)
[00:28:14] *** 操盘方钱包卖出信号#1608 *** 6wTd5VpwiM... 卖出$0.04 (tx=3D8TCBGQGbkz...)
[00:28:14] *** 操盘方钱包卖出信号#1609 *** 74yRx7Gwr1... 卖出$51.96 (tx=2orpnDepjY5H...)
[00:28:14] *** 操盘方钱包卖出信号#1610 *** 8PYS8YU5XU... 卖出$0.86 (tx=484BY64Es2WE...)
[00:28:14] *** 操盘方钱包卖出信号#1611 *** 2uzvnzu7Uk... 卖出$0.16 (tx=MGtAjzz6vL94...)
[00:28:14] *** 操盘方钱包卖出信号#1612 *** EQ2AvnerhS... 卖出$60.90 (tx=uQmesXpGskj7...)
[00:28:14] *** 操盘方钱包卖出信号#1613 *** 9SBM5wqYVP... 卖出$1.19 (tx=573LMVeTrExx...)
[00:28:14] *** 操盘方钱包卖出信号#1614 *** 5uwh37EhTu... 卖出$0.84 (tx=2PtozuGzTE5v...)
[00:28:14] *** 操盘方钱包卖出信号#1615 *** 8PYS8YU5XU... 卖出$1.14 (tx=5VHicdhebf9U...)
[00:28:14] *** 操盘方钱包卖出信号#1616 *** 2uzvnzu7Uk... 卖出$1.47 (tx=5e7R28Rz9KvJ...)
[00:28:14] *** 操盘方钱包卖出信号#1617 *** AHprDYwvJR... 卖出$1.40 (tx=4q6ntMSnJHMh...)
[00:28:14] *** 操盘方钱包卖出信号#1618 *** 6wTd5VpwiM... 卖出$1.17 (tx=rRHwVu91njH7...)
[00:28:14] *** 操盘方钱包卖出信号#1619 *** 74yRx7Gwr1... 卖出$0.49 (tx=5X4gqGnkeA7y...)
[00:28:14] *** 操盘方钱包卖出信号#1620 *** 9SBM5wqYVP... 卖出$60.24 (tx=5kaTsKz7HifV...)
[00:28:14] *** 操盘方钱包卖出信号#1621 *** EQ2AvnerhS... 卖出$1.34 (tx=5hpNebwfxNQo...)
[00:28:14] *** 操盘方钱包卖出信号#1622 *** 8MqpdHkKdU... 卖出$41.85 (tx=3YkLDSN7QAdE...)
[00:28:14] *** 操盘方钱包卖出信号#1623 *** Dso6QSwKYr... 卖出$1.11 (tx=41RXrm1ze6Cx...)
[00:28:14] *** 操盘方钱包卖出信号#1624 *** 5uwh37EhTu... 卖出$0.25 (tx=xZwfgeJNG4df...)
[00:28:14] *** 操盘方钱包卖出信号#1625 *** AHprDYwvJR... 卖出$1.23 (tx=5MnPvnQEdunT...)
[00:28:14] *** 操盘方钱包卖出信号#1626 *** 8PYS8YU5XU... 卖出$1.49 (tx=59kFDhGpYqvi...)
[00:28:14] *** 操盘方钱包卖出信号#1627 *** 2uzvnzu7Uk... 卖出$0.72 (tx=TDtDJu6JoGQg...)
[00:28:14] *** 操盘方钱包卖出信号#1628 *** 74yRx7Gwr1... 卖出$1.23 (tx=SA99WwVkEvcs...)
[00:28:14] *** 操盘方钱包卖出信号#1629 *** 6wTd5VpwiM... 卖出$1.27 (tx=4aAKJRbXSbg1...)
[00:28:14] *** 操盘方钱包卖出信号#1630 *** 9SBM5wqYVP... 卖出$0.99 (tx=2diqS7WDTJV9...)
[00:28:14] *** 操盘方钱包卖出信号#1631 *** Dso6QSwKYr... 卖出$0.75 (tx=hftN6dXHNYwe...)
[00:28:14] *** 操盘方钱包卖出信号#1632 *** EQ2AvnerhS... 卖出$0.20 (tx=WiJFeTP1uF9m...)
[00:28:14] *** 操盘方钱包卖出信号#1633 *** 8MqpdHkKdU... 卖出$53.73 (tx=2WHfzZELctri...)
[00:28:14] *** 操盘方钱包卖出信号#1634 *** 5uwh37EhTu... 卖出$54.85 (tx=2JTsHwmNbFcV...)
[00:28:14] *** 操盘方钱包卖出信号#1635 *** 8PYS8YU5XU... 卖出$47.22 (tx=2vSWFH63tTJv...)
[00:28:14] *** 操盘方钱包卖出信号#1636 *** 9SBM5wqYVP... 卖出$1.37 (tx=2re5WVsxofTf...)
[00:28:14] *** 操盘方钱包卖出信号#1637 *** 74yRx7Gwr1... 卖出$0.75 (tx=4z8uymeAZGGH...)
[00:28:14] *** 操盘方钱包卖出信号#1638 *** 5uwh37EhTu... 卖出$65.76 (tx=4cz51yUVfChT...)
[00:28:14] *** 操盘方钱包卖出信号#1639 *** Dso6QSwKYr... 卖出$0.10 (tx=5AaoxsDUuhos...)
[00:29:19] *** 操盘方钱包卖出信号#1640 *** 8PYS8YU5XU... 卖出$0.91 (tx=62afjVGcHRkm...)
[00:29:19] *** 操盘方钱包卖出信号#1641 *** 2uzvnzu7Uk... 卖出$46.87 (tx=5YhwhEubeWyz...)
[00:29:19] *** 操盘方钱包卖出信号#1642 *** AHprDYwvJR... 卖出$0.69 (tx=2adGmkHkicJ8...)
[00:29:19] *** 操盘方钱包卖出信号#1643 *** 6wTd5VpwiM... 卖出$47.53 (tx=3JCbeS3C3D3L...)
[00:29:19] *** 操盘方钱包卖出信号#1644 *** 9SBM5wqYVP... 卖出$0.20 (tx=36yAnNa5BcXh...)
[00:29:19] *** 操盘方钱包卖出信号#1645 *** 74yRx7Gwr1... 卖出$60.71 (tx=5R4JeimpYkGD...)
[00:29:19] *** 操盘方钱包卖出信号#1646 *** EQ2AvnerhS... 卖出$1.44 (tx=2fFmRJNwvmMj...)
[00:29:19] *** 操盘方钱包卖出信号#1647 *** 8MqpdHkKdU... 卖出$1.27 (tx=3URcWZCmUZ8c...)
[00:29:19] *** 操盘方钱包卖出信号#1648 *** Dso6QSwKYr... 卖出$63.65 (tx=JSt95gq487QW...)
[00:29:19] *** 操盘方钱包卖出信号#1649 *** 5uwh37EhTu... 卖出$0.39 (tx=41nGoDCUHZxV...)
[00:29:19] *** 操盘方钱包卖出信号#1650 *** 8PYS8YU5XU... 卖出$0.61 (tx=KmSFSkaKUTjL...)
[00:29:19] *** 操盘方钱包卖出信号#1651 *** 2uzvnzu7Uk... 卖出$50.76 (tx=DD3U9ekR57Em...)
[00:29:19] *** 操盘方钱包卖出信号#1652 *** AHprDYwvJR... 卖出$0.20 (tx=5f6KvGoPJ3yo...)
[00:29:19] *** 操盘方钱包卖出信号#1653 *** 6wTd5VpwiM... 卖出$53.35 (tx=2BMMCpLdyg98...)
[00:29:19] *** 操盘方钱包卖出信号#1654 *** 9SBM5wqYVP... 卖出$1.40 (tx=4g2CYLhd7KjB...)
[00:29:19] *** 操盘方钱包卖出信号#1655 *** 74yRx7Gwr1... 卖出$0.73 (tx=imMApwLLoc4W...)
[00:29:19] *** 操盘方钱包卖出信号#1656 *** 8MqpdHkKdU... 卖出$0.70 (tx=2kukYPzp4zpB...)
[00:29:19] *** 操盘方钱包卖出信号#1657 *** EQ2AvnerhS... 卖出$0.57 (tx=44GG6ucRHH8L...)
[00:29:19] *** 操盘方钱包卖出信号#1658 *** Dso6QSwKYr... 卖出$59.33 (tx=4eu5svN8NPNj...)
[00:29:19] *** 操盘方钱包卖出信号#1659 *** 5uwh37EhTu... 卖出$0.05 (tx=5VPUZarCG54U...)
[00:29:19] *** 操盘方钱包卖出信号#1660 *** 8PYS8YU5XU... 卖出$1.21 (tx=2Ts1upBL91tw...)
[00:29:19] *** 操盘方钱包卖出信号#1661 *** 2uzvnzu7Uk... 卖出$1.06 (tx=H1Z2K1VAJhrr...)
[00:29:19] *** 操盘方钱包卖出信号#1662 *** AHprDYwvJR... 卖出$0.70 (tx=3jq2eEPmdfoB...)
[00:29:19] *** 操盘方钱包卖出信号#1663 *** 6wTd5VpwiM... 卖出$0.46 (tx=wKM1RhDKwuJc...)
[00:29:19] *** 操盘方钱包卖出信号#1664 *** 74yRx7Gwr1... 卖出$0.87 (tx=5MTQsHU6PAaB...)
[00:29:19] *** 操盘方钱包卖出信号#1665 *** 5uwh37EhTu... 卖出$1.47 (tx=2kxisUH5FKQk...)
[00:29:19] *** 操盘方钱包卖出信号#1666 *** 8PYS8YU5XU... 卖出$63.39 (tx=56zhCTXzTaTN...)
[00:29:19] *** 操盘方钱包卖出信号#1667 *** 8MqpdHkKdU... 卖出$55.17 (tx=WrZN4Qy3cKu9...)
[00:29:19] *** 操盘方钱包卖出信号#1668 *** EQ2AvnerhS... 卖出$1.29 (tx=JGTrT8DQRJhd...)
[00:29:19] *** 操盘方钱包卖出信号#1669 *** Dso6QSwKYr... 卖出$0.87 (tx=5QpyuuQ9rL3o...)
[00:30:26] *** 操盘方钱包卖出信号#1670 *** EQ2AvnerhS... 卖出$1.38 (tx=2g3iNKkKKmXQ...)
[00:30:26] *** 操盘方钱包卖出信号#1671 *** 8MqpdHkKdU... 卖出$62.21 (tx=5jrubN5yqMqX...)
[00:30:26] *** 操盘方钱包卖出信号#1672 *** Dso6QSwKYr... 卖出$1.04 (tx=5JwkRhyq9NLV...)
[00:30:26] *** 操盘方钱包卖出信号#1673 *** 8PYS8YU5XU... 卖出$40.41 (tx=51Mm9oWqKjBD...)
[00:30:26] *** 操盘方钱包卖出信号#1674 *** 2uzvnzu7Uk... 卖出$1.46 (tx=4rho3zbHEa9r...)
[00:30:26] *** 操盘方钱包卖出信号#1675 *** AHprDYwvJR... 卖出$1.46 (tx=5qYdfapZXc3X...)
[00:30:26] *** 操盘方钱包卖出信号#1676 *** 6wTd5VpwiM... 卖出$0.14 (tx=5uVojsvpCEWw...)
[00:30:26] *** 操盘方钱包卖出信号#1677 *** 9SBM5wqYVP... 卖出$1.02 (tx=3sTyobPQeY76...)
[00:30:26] *** 操盘方钱包卖出信号#1678 *** 74yRx7Gwr1... 卖出$0.54 (tx=66RU7jErKJ5J...)
[00:30:26] *** 操盘方钱包卖出信号#1679 *** 8MqpdHkKdU... 卖出$60.38 (tx=4m5YDx5AUFDt...)
[00:30:26] *** 操盘方钱包卖出信号#1680 *** Dso6QSwKYr... 卖出$1.27 (tx=5KycwiokfrVu...)
[00:30:26] *** 操盘方钱包卖出信号#1681 *** EQ2AvnerhS... 卖出$0.61 (tx=3EUzexBETuYt...)
[00:30:26] *** 操盘方钱包卖出信号#1682 *** 5uwh37EhTu... 卖出$0.33 (tx=CZ3BtzGMiGd8...)
[00:30:26] *** 操盘方钱包卖出信号#1683 *** 8PYS8YU5XU... 卖出$0.93 (tx=33GGwYkfg6wo...)
[00:30:26] *** 操盘方钱包卖出信号#1684 *** 6wTd5VpwiM... 卖出$0.74 (tx=2Q4zQUaPtHAQ...)
[00:30:26] *** 操盘方钱包卖出信号#1685 *** 9SBM5wqYVP... 卖出$1.18 (tx=51s6Ksk9rTqc...)
[00:30:26] *** 操盘方钱包卖出信号#1686 *** 74yRx7Gwr1... 卖出$0.13 (tx=4sTvefsYY3Ly...)
[00:30:26] *** 操盘方钱包卖出信号#1687 *** EQ2AvnerhS... 卖出$0.70 (tx=3KgWpa2rdnLE...)
[00:30:26] *** 操盘方钱包卖出信号#1688 *** Dso6QSwKYr... 卖出$1.21 (tx=4S3DHCd98crp...)
[00:30:26] *** 操盘方钱包卖出信号#1689 *** 8MqpdHkKdU... 卖出$51.43 (tx=64tVuzfGJ3vh...)
[00:30:26] *** 操盘方钱包卖出信号#1690 *** 5uwh37EhTu... 卖出$47.92 (tx=22pH2rvNBzLK...)
[00:30:26] *** 操盘方钱包卖出信号#1691 *** 8PYS8YU5XU... 卖出$42.39 (tx=5gM7LsUSZWwm...)
[00:30:26] *** 操盘方钱包卖出信号#1692 *** 2uzvnzu7Uk... 卖出$64.14 (tx=o7QnfC8FvEwK...)
[00:30:26] *** 操盘方钱包卖出信号#1693 *** AHprDYwvJR... 卖出$0.19 (tx=2KnudTCtZmiT...)
[00:30:26] *** 操盘方钱包卖出信号#1694 *** 6wTd5VpwiM... 卖出$1.26 (tx=65oPJBCzUwyp...)
[00:30:26] *** 操盘方钱包卖出信号#1695 *** 74yRx7Gwr1... 卖出$1.32 (tx=5zNxDofLD7dJ...)
[00:30:26] *** 操盘方钱包卖出信号#1696 *** 8MqpdHkKdU... 卖出$1.26 (tx=4qbpJJWYPqqu...)
[00:30:26] *** 操盘方钱包卖出信号#1697 *** 9SBM5wqYVP... 卖出$0.86 (tx=m28zeNXYo79z...)
[00:30:26] *** 操盘方钱包卖出信号#1698 *** EQ2AvnerhS... 卖出$0.16 (tx=3SeAMjsYLyK6...)
[00:30:26] *** 操盘方钱包卖出信号#1699 *** Dso6QSwKYr... 卖出$1.24 (tx=5n8A9t6Wi1vN...)
[00:30:26] *** 操盘方钱包卖出信号#1700 *** 5uwh37EhTu... 卖出$49.26 (tx=56PRB3kcZJX9...)
[00:30:26] *** 操盘方钱包卖出信号#1701 *** 8PYS8YU5XU... 卖出$0.71 (tx=2kGMVr1so2HD...)
[00:30:26] *** 操盘方钱包卖出信号#1702 *** 2uzvnzu7Uk... 卖出$39.39 (tx=2mWoQHhMy31y...)
[00:30:26] *** 操盘方钱包卖出信号#1703 *** 6wTd5VpwiM... 卖出$50.93 (tx=4nLpc6wD6t2u...)
[00:30:26] *** 操盘方钱包卖出信号#1704 *** AHprDYwvJR... 卖出$0.22 (tx=4JzFJUARSXVz...)
[00:31:03] *** 操盘方钱包卖出信号#1705 *** 6wTd5VpwiM... 卖出$0.70 (tx=RLSrCFD8EdCz...)
[00:31:03] *** 操盘方钱包卖出信号#1706 *** 74yRx7Gwr1... 卖出$0.38 (tx=2rVXfg85RbYZ...)
[00:31:03] *** 操盘方钱包卖出信号#1707 *** EQ2AvnerhS... 卖出$45.30 (tx=5ZZgMR8fUd63...)
[00:31:03] *** 操盘方钱包卖出信号#1708 *** 9SBM5wqYVP... 卖出$0.99 (tx=2nMK9FKSDZyX...)
[00:31:03] *** 操盘方钱包卖出信号#1709 *** 8MqpdHkKdU... 卖出$1.44 (tx=4Ms72PeNiYvj...)
[00:31:03] *** 操盘方钱包卖出信号#1710 *** Dso6QSwKYr... 卖出$0.69 (tx=4BZHdpKxUz5r...)
[00:31:03] *** 操盘方钱包卖出信号#1711 *** 5uwh37EhTu... 卖出$0.23 (tx=5wQBQD6YxT2M...)
[00:31:03] *** 操盘方钱包卖出信号#1712 *** 8PYS8YU5XU... 卖出$0.34 (tx=4KhSxGQqBLm3...)
[00:31:03] *** 操盘方钱包卖出信号#1713 *** 2uzvnzu7Uk... 卖出$0.48 (tx=5gDq8T2nAF1x...)
[00:31:03] *** 操盘方钱包卖出信号#1714 *** AHprDYwvJR... 卖出$0.25 (tx=46x5dFKK2aQa...)
[00:31:03] *** 操盘方钱包卖出信号#1715 *** 6wTd5VpwiM... 卖出$0.79 (tx=2EichmaXKNQi...)
[00:31:03] *** 操盘方钱包卖出信号#1716 *** 74yRx7Gwr1... 卖出$1.08 (tx=381egW94we4z...)
[00:31:03] *** 操盘方钱包卖出信号#1717 *** EQ2AvnerhS... 卖出$45.41 (tx=3urmoGo9XzN2...)
[00:31:03] *** 操盘方钱包卖出信号#1718 *** 8MqpdHkKdU... 卖出$0.82 (tx=5Q4TiLK6YWjU...)
[00:31:03] *** 操盘方钱包卖出信号#1719 *** Dso6QSwKYr... 卖出$0.68 (tx=3pasgUxZukvY...)
[00:31:03] *** 操盘方钱包卖出信号#1720 *** 5uwh37EhTu... 卖出$0.16 (tx=Pmzwn7SyUNaq...)
[00:31:03] *** 操盘方钱包卖出信号#1721 *** 9SBM5wqYVP... 卖出$0.16 (tx=4FQR2HvBihCw...)
[00:31:03] *** 操盘方钱包卖出信号#1722 *** 8PYS8YU5XU... 卖出$61.08 (tx=5FytYWs5GYyk...)
[00:31:03] *** 操盘方钱包卖出信号#1723 *** AHprDYwvJR... 卖出$0.99 (tx=2QCVpyjncxSj...)
[00:31:03] *** 操盘方钱包卖出信号#1724 *** 9SBM5wqYVP... 卖出$52.78 (tx=4smQQToTQCn1...)
[00:31:03] *** 操盘方钱包卖出信号#1725 *** 6wTd5VpwiM... 卖出$0.83 (tx=4iri6TtpLLt1...)
[00:31:03] *** 操盘方钱包卖出信号#1726 *** 74yRx7Gwr1... 卖出$0.13 (tx=28QuBxVE8y4L...)
[00:31:03] *** 操盘方钱包卖出信号#1727 *** EQ2AvnerhS... 卖出$1.30 (tx=22KWX2Zr9EEi...)
[00:31:03] *** 操盘方钱包卖出信号#1728 *** 8MqpdHkKdU... 卖出$66.71 (tx=3o4fmSo7PDon...)
[00:31:03] *** 操盘方钱包卖出信号#1729 *** Dso6QSwKYr... 卖出$0.90 (tx=3rgSaHqsyq2K...)
[00:31:03] *** 操盘方钱包卖出信号#1730 *** 8PYS8YU5XU... 卖出$49.72 (tx=59SP8m3n1YBJ...)
[00:31:03] *** 操盘方钱包卖出信号#1731 *** AHprDYwvJR... 卖出$1.34 (tx=3u9mhhicWkAA...)
[00:31:03] *** 操盘方钱包卖出信号#1732 *** 2uzvnzu7Uk... 卖出$0.79 (tx=3KDjjkGzz63J...)
[00:31:03] *** 操盘方钱包卖出信号#1733 *** 6wTd5VpwiM... 卖出$0.99 (tx=3rBcBKGvpSsJ...)
[00:31:03] *** 操盘方钱包卖出信号#1734 *** 74yRx7Gwr1... 卖出$0.24 (tx=3gGf4wmsxEJQ...)
[00:31:03] *** 操盘方钱包卖出信号#1735 *** 9SBM5wqYVP... 卖出$0.70 (tx=2kN93mb5U8Qe...)
[00:31:03] *** 操盘方钱包卖出信号#1736 *** 8MqpdHkKdU... 卖出$50.50 (tx=4qtb3QEd2ibW...)
[00:31:03] *** 操盘方钱包卖出信号#1737 *** EQ2AvnerhS... 卖出$0.86 (tx=3n4dbWJyJw9y...)
[00:31:03] *** 操盘方钱包卖出信号#1738 *** Dso6QSwKYr... 卖出$0.03 (tx=56H2KvUHbdKY...)
[00:31:03] *** 操盘方钱包卖出信号#1739 *** 5uwh37EhTu... 卖出$0.57 (tx=XfDdx8jVM64b...)
[00:31:03] *** 操盘方钱包卖出信号#1740 *** AHprDYwvJR... 卖出$0.19 (tx=4McPjm7HYDbW...)
[00:31:03] *** 操盘方钱包卖出信号#1741 *** 2uzvnzu7Uk... 卖出$60.54 (tx=5vbTekenhb87...)
[00:31:43] *** 操盘方钱包卖出信号#1742 *** AHprDYwvJR... 卖出$1.45 (tx=4haDVpUfAfcW...)
[00:31:43] *** 操盘方钱包卖出信号#1743 *** 6wTd5VpwiM... 卖出$0.23 (tx=Qxa7vfja4Cw5...)
[00:31:43] *** 操盘方钱包卖出信号#1744 *** 9SBM5wqYVP... 卖出$1.44 (tx=5jB4tsnsDfP7...)
[00:31:43] *** 操盘方钱包卖出信号#1745 *** 74yRx7Gwr1... 卖出$1.02 (tx=2taakeDjxS7G...)
[00:31:43] *** 操盘方钱包卖出信号#1746 *** 8MqpdHkKdU... 卖出$1.31 (tx=4D8gPZLqb7SE...)
[00:31:43] *** 操盘方钱包卖出信号#1747 *** EQ2AvnerhS... 卖出$1.41 (tx=53H6F6S9FbTm...)
[00:31:43] *** 操盘方钱包卖出信号#1748 *** 5uwh37EhTu... 卖出$1.28 (tx=5JmfLwKQbpBi...)
[00:31:43] *** 操盘方钱包卖出信号#1749 *** 8PYS8YU5XU... 卖出$0.06 (tx=2a6yP9cCUT5h...)
[00:31:43] *** 操盘方钱包卖出信号#1750 *** 2uzvnzu7Uk... 卖出$0.92 (tx=5jiwZVMfUYEE...)
[00:31:43] *** 操盘方钱包卖出信号#1751 *** 74yRx7Gwr1... 卖出$55.95 (tx=3SG9DgwA5hvc...)
[00:31:43] *** 操盘方钱包卖出信号#1752 *** AHprDYwvJR... 卖出$0.80 (tx=5ghjtzeVDAPA...)
[00:31:43] *** 操盘方钱包卖出信号#1753 *** 6wTd5VpwiM... 卖出$57.64 (tx=9BjPixKFr8bk...)
[00:31:43] *** 操盘方钱包卖出信号#1754 *** 9SBM5wqYVP... 卖出$0.85 (tx=3ySxuwAM7wAX...)
[00:31:43] *** 操盘方钱包卖出信号#1755 *** 8MqpdHkKdU... 卖出$1.24 (tx=3UgUyKsbthF5...)
[00:31:43] *** 操盘方钱包卖出信号#1756 *** EQ2AvnerhS... 卖出$0.59 (tx=Yaia8pD3X23X...)
[00:31:43] *** 操盘方钱包卖出信号#1757 *** Dso6QSwKYr... 卖出$42.28 (tx=DtyNSLDa8LUg...)
[00:31:43] *** 操盘方钱包卖出信号#1758 *** 5uwh37EhTu... 卖出$0.79 (tx=zwkffSnAhHVv...)
[00:31:43] *** 操盘方钱包卖出信号#1759 *** 8PYS8YU5XU... 卖出$0.18 (tx=4ZsispiDvbF3...)
[00:31:43] *** 操盘方钱包卖出信号#1760 *** 2uzvnzu7Uk... 卖出$0.38 (tx=5dBqwLBMeiRu...)
[00:31:43] *** 操盘方钱包卖出信号#1761 *** AHprDYwvJR... 卖出$64.68 (tx=4Hgnyv311yTV...)
[00:31:43] *** 操盘方钱包卖出信号#1762 *** 6wTd5VpwiM... 卖出$0.67 (tx=58SNdukaSXp1...)
[00:31:43] *** 操盘方钱包卖出信号#1763 *** EQ2AvnerhS... 卖出$51.53 (tx=53gsGPRfmvTf...)
[00:31:43] *** 操盘方钱包卖出信号#1764 *** 9SBM5wqYVP... 卖出$1.31 (tx=2vfr9NhQ7vUf...)
[00:31:43] *** 操盘方钱包卖出信号#1765 *** 74yRx7Gwr1... 卖出$0.49 (tx=atafbwKrCSXV...)
[00:31:43] *** 操盘方钱包卖出信号#1766 *** Dso6QSwKYr... 卖出$1.43 (tx=3gzimva8Y8Ya...)
[00:31:43] *** 操盘方钱包卖出信号#1767 *** 8MqpdHkKdU... 卖出$0.24 (tx=3NDfgsWaLBZK...)
[00:31:43] *** 操盘方钱包卖出信号#1768 *** 5uwh37EhTu... 卖出$0.35 (tx=4J6C51MpnBan...)
[00:31:43] *** 操盘方钱包卖出信号#1769 *** 8PYS8YU5XU... 卖出$67.12 (tx=5WGekxmGwa2Q...)
[00:31:43] *** 操盘方钱包卖出信号#1770 *** AHprDYwvJR... 卖出$0.59 (tx=4oq3u4tFpDZP...)
[00:31:43] *** 操盘方钱包卖出信号#1771 *** 2uzvnzu7Uk... 卖出$0.01 (tx=294KkgELNmex...)
[00:31:43] *** 操盘方钱包卖出信号#1772 *** 6wTd5VpwiM... 卖出$0.46 (tx=3bk7Y634bs8S...)
[00:31:43] *** 操盘方钱包卖出信号#1773 *** 74yRx7Gwr1... 卖出$0.09 (tx=ELxLCdbVySTt...)
[00:31:43] *** 操盘方钱包卖出信号#1774 *** 9SBM5wqYVP... 卖出$52.35 (tx=2WMmmTKtCCW5...)
[00:31:43] *** 操盘方钱包卖出信号#1775 *** EQ2AvnerhS... 卖出$1.03 (tx=35vGB95tRqRi...)
[00:31:43] *** 操盘方钱包卖出信号#1776 *** 8MqpdHkKdU... 卖出$62.21 (tx=3pYxTXN6tH33...)
[00:31:43] *** 操盘方钱包卖出信号#1777 *** Dso6QSwKYr... 卖出$0.01 (tx=TutVqQzh5Kzx...)
[00:31:43] *** 操盘方钱包卖出信号#1778 *** 8PYS8YU5XU... 卖出$41.37 (tx=6576ix7Vqyh3...)
[00:31:43] *** 操盘方钱包卖出信号#1779 *** 2uzvnzu7Uk... 卖出$0.32 (tx=4aJDkC6QNWXM...)
[00:31:43] *** 操盘方钱包卖出信号#1780 *** AHprDYwvJR... 卖出$1.25 (tx=4Kmb1eJt3n5v...)
[00:32:49] *** 操盘方钱包卖出信号#1781 *** 5uwh37EhTu... 卖出$1.32 (tx=3xtYcdgLL7rb...)
[00:32:49] *** 操盘方钱包卖出信号#1782 *** 6wTd5VpwiM... 卖出$0.71 (tx=3RAuTzrC8WeA...)
[00:32:49] *** 操盘方钱包卖出信号#1783 *** EQ2AvnerhS... 卖出$0.97 (tx=4rcdZ4tCx8kf...)
[00:32:49] *** 操盘方钱包卖出信号#1784 *** 8MqpdHkKdU... 卖出$49.59 (tx=JqvyL3TVQzGD...)
[00:32:49] *** 操盘方钱包卖出信号#1785 *** Dso6QSwKYr... 卖出$0.04 (tx=3cVVJERZ4Nkj...)
[00:32:49] *** 操盘方钱包卖出信号#1786 *** 5uwh37EhTu... 卖出$65.72 (tx=25TWpStpWRZW...)
[00:32:49] *** 操盘方钱包卖出信号#1787 *** 8PYS8YU5XU... 卖出$55.62 (tx=5UeUJ9X9oCXU...)
[00:32:49] *** 操盘方钱包卖出信号#1788 *** AHprDYwvJR... 卖出$1.09 (tx=2JghV9839H29...)
[00:32:49] *** 操盘方钱包卖出信号#1789 *** 2uzvnzu7Uk... 卖出$54.88 (tx=4mcFz51t53jw...)
[00:32:49] *** 操盘方钱包卖出信号#1790 *** 9SBM5wqYVP... 卖出$0.16 (tx=CDbGyuJZLu4o...)
[00:32:49] *** 操盘方钱包卖出信号#1791 *** 74yRx7Gwr1... 卖出$0.92 (tx=NJWLhBdDfZcK...)
[00:32:49] *** 操盘方钱包卖出信号#1792 *** AZfDaQTzfQ... 卖出$9.31 (tx=98E4S9hYWC1g...)
[00:32:49] *** 操盘方钱包卖出信号#1793 *** AZfDaQTzfQ... 卖出$15.00 (tx=98E4S9hYWC1g...)
[00:32:49] *** 操盘方钱包卖出信号#1794 *** G1GFpAmUgd... 卖出$15.89 (tx=4eSYyFEjFqLP...)
[00:32:49] *** 操盘方钱包卖出信号#1795 *** kYoMZFCQzL... 卖出$7.52 (tx=5yLHqvhLWMRw...)
[00:32:49] *** 操盘方钱包卖出信号#1796 *** G1GFpAmUgd... 卖出$23.22 (tx=4eSYyFEjFqLP...)
[00:34:02] *** 操盘方钱包卖出信号#1797 *** 9SBM5wqYVP... 卖出$1.44 (tx=SEQGvYZMrT1R...)
[00:34:02] *** 操盘方钱包卖出信号#1798 *** 74yRx7Gwr1... 卖出$0.76 (tx=2tQGFQ4z55At...)
[00:34:39] === 监控结束,共1798次操盘方卖出信号 ===
